record_id,plant_type,habitat,season,air_humidity_pct,soil_humidity_pct,ethylene_ppm,co2_ppm,o2_ppm,ldr_on_plant,leaf_color_index,temperature_c,health_score,health_class
php_00001,rose,garden,winter,86.3,55.9,1.145,725.9,19.62,559,42.5,34.1,60,moderate_stress
php_00002,pothos,indoor,spring,55.3,29.8,1.102,1202.2,19.11,58,51.6,37.5,52,high_stress
php_00003,lettuce,greenhouse,autumn,92.6,10.3,1.042,1003.2,18.31,682,74.4,8.7,35,high_stress
php_00004,pothos,shade_house,autumn,62,40.3,0.7,566.3,20.43,460,57.7,29.8,92,healthy
php_00005,mint,indoor,spring,70.9,64.6,0.603,381.8,18.85,964,26.2,31.1,52,high_stress
php_00006,basil,greenhouse,monsoon,62.2,33.6,2.195,1176.9,18.54,745,95.5,35.8,41,high_stress
php_00007,basil,indoor,autumn,73.6,43.4,1.354,496.3,19.87,705,74.6,8.7,62,moderate_stress
php_00008,pothos,indoor,spring,90.9,61,1.016,1189.9,21.38,798,21.9,15.9,37,high_stress
php_00009,rose,garden,summer,93.7,32,1.809,627.4,19.82,451,97.8,33.2,55,moderate_stress
php_00010,mint,garden,monsoon,79.9,41.9,0.154,532.1,19.55,453,78,35,72,moderate_stress
php_00011,mint,greenhouse,winter,81.9,58.5,1.474,1192.9,21.41,347,31.5,14.1,58,moderate_stress
php_00012,snake_plant,indoor,autumn,65.9,32.4,1.743,1085.9,21.29,483,86.7,13.1,76,moderate_stress
php_00013,mint,greenhouse,winter,35.6,88.5,1.246,1086.6,19.74,288,29.3,10.1,43,high_stress
php_00014,aloe_vera,indoor,autumn,59,68.9,0.04,722.1,18.49,426,56.1,24.4,60,moderate_stress
php_00015,snake_plant,shade_house,spring,93.9,86.4,0.23,825,20.24,885,28,31.6,21,high_stress
php_00016,lettuce,hydroponic,spring,52.3,78.3,0.816,499.6,18.75,201,26.8,36.5,27,high_stress
php_00017,aloe_vera,indoor,spring,83.8,61.3,1.454,460.4,20.66,261,78.1,31.1,54,high_stress
php_00018,basil,indoor,summer,36.2,18.8,2.152,1113.7,18.38,534,45.6,18.1,36,high_stress
php_00019,basil,garden,autumn,37.1,15.9,1.492,543.2,19.59,596,79.5,24,60,moderate_stress
php_00020,rose,greenhouse,monsoon,86.8,87.3,1.64,550.4,18.43,230,23,27.1,24,high_stress
php_00021,pothos,shade_house,autumn,90.2,43.2,1.497,609.7,18.54,591,41.5,8.4,34,high_stress
php_00022,aloe_vera,indoor,summer,43.3,9.2,2.494,1229.5,21.19,201,36.4,37.3,37,high_stress
php_00023,aloe_vera,arid_garden,autumn,44.2,80.9,2.137,719.3,21.05,643,69,13.9,38,high_stress
php_00024,aloe_vera,arid_garden,spring,87.5,35.3,1.061,874.4,20.2,366,37.7,14.9,69,moderate_stress
php_00025,tomato,garden,winter,32.2,59.5,2.436,517.7,18.69,888,72,10.4,44,high_stress
php_00026,rose,greenhouse,spring,85.6,37.2,0.745,1149.9,20.29,328,86.8,33.8,67,moderate_stress
php_00027,lettuce,greenhouse,autumn,87.2,35.4,0.025,428.6,20.21,55,82,36,49,high_stress
php_00028,pothos,indoor,spring,38.3,62.9,2.333,947,21.39,864,69.3,11.6,50,high_stress
php_00029,pothos,shade_house,autumn,60.1,62.9,0.295,372.3,18.23,82,52,34.4,62,moderate_stress
php_00030,basil,greenhouse,summer,51.7,57.2,0.728,995.7,19.17,257,99.4,23.1,75,moderate_stress
php_00031,basil,greenhouse,monsoon,93,50.1,1.961,612.4,18.79,626,21.8,31.1,36,high_stress
php_00032,snake_plant,shade_house,spring,37.3,59.6,0.588,485,19.02,383,87.8,24.7,73,moderate_stress
php_00033,mint,garden,winter,62.2,10.2,1.528,1048.9,18.31,334,89,20,40,high_stress
php_00034,aloe_vera,indoor,monsoon,36.6,57.1,0.875,410.6,20.53,683,75.2,37.5,72,moderate_stress
php_00035,mint,greenhouse,winter,60.5,51.2,1.667,800.5,20.38,900,24.1,8.5,50,high_stress
php_00036,snake_plant,indoor,spring,67.7,69.4,0.804,769.7,18.73,894,49.4,9.7,26,high_stress
php_00037,tomato,greenhouse,winter,56.2,21.5,0.992,832.5,19.74,1018,50.8,12.3,52,high_stress
php_00038,pothos,shade_house,summer,44.4,53.4,2.201,803.9,18.65,614,49.2,19,63,moderate_stress
php_00039,tomato,garden,monsoon,38.7,43.6,0.251,433.9,19.46,72,72.1,29.7,76,moderate_stress
php_00040,basil,indoor,summer,45.4,39.1,0.772,448.9,20.49,663,71.7,33.6,82,healthy
php_00041,mint,indoor,autumn,30.8,46.9,2.413,420.5,18.65,645,60.1,24.9,60,moderate_stress
php_00042,snake_plant,shade_house,summer,35.4,85.9,1.27,1152.6,21.43,290,25.4,13,22,high_stress
php_00043,tomato,greenhouse,winter,36.4,23.8,1.674,1107,20.17,917,91.8,11.1,40,high_stress
php_00044,rose,garden,monsoon,73.4,59.5,1.571,539.6,20.92,150,48.4,18.1,72,moderate_stress
php_00045,lettuce,greenhouse,winter,61.2,25.1,1.356,565.2,18.7,772,29.6,22.8,38,high_stress
php_00046,snake_plant,shade_house,autumn,42.9,49.1,0.662,1164.3,19.69,126,71.3,30.8,82,healthy
php_00047,tomato,garden,summer,69.2,56.4,0.721,530.5,18.8,778,46.7,37.4,62,moderate_stress
php_00048,lettuce,hydroponic,spring,75.4,32.1,0.528,1150.5,18.82,949,64.9,22.6,61,moderate_stress
php_00049,lettuce,greenhouse,autumn,80.9,42.9,0.691,636,20.1,971,77.3,26.1,76,moderate_stress
php_00050,basil,garden,spring,82.5,14.5,1.948,759.5,19.14,650,93.5,33.1,49,high_stress
php_00051,basil,indoor,spring,69.4,23.3,0.969,1213.4,19.25,452,32.7,14.5,42,high_stress
php_00052,tomato,garden,autumn,49.9,74.3,1.695,964.5,20.76,770,92.7,17.3,79,moderate_stress
php_00053,basil,garden,summer,67.3,83.4,1.067,862.3,18.63,762,61.2,32.4,55,moderate_stress
php_00054,snake_plant,indoor,monsoon,61.3,61.6,1.149,474,19.54,456,92.4,32.9,66,moderate_stress
php_00055,basil,indoor,summer,71.3,28.2,0.252,745.9,18.8,149,53.6,12.9,53,high_stress
php_00056,mint,greenhouse,winter,49,21.6,1.31,401.2,20.24,317,84.6,16.4,68,moderate_stress
php_00057,basil,indoor,summer,88.8,21.5,1.376,895.6,21.06,536,74.2,30.7,61,moderate_stress
php_00058,aloe_vera,arid_garden,summer,32.9,27.1,1.716,941.8,20.23,114,97,18.9,77,moderate_stress
php_00059,rose,garden,autumn,51.4,64,1.135,481.7,20.27,425,35.5,10.5,66,moderate_stress
php_00060,aloe_vera,arid_garden,monsoon,87.5,79.2,0.773,1099.2,19.75,255,69.9,31.2,46,high_stress
php_00061,basil,greenhouse,summer,76.6,28.3,1.722,1132.4,21.05,503,59.4,13.9,62,moderate_stress
php_00062,rose,garden,winter,37.2,73.3,2.488,537,19.19,118,20.3,28.3,25,high_stress
php_00063,pothos,indoor,winter,45.2,89.4,1.383,420.5,21.09,136,82.2,26.1,66,moderate_stress
php_00064,pothos,indoor,summer,52.6,78.5,2.109,799,19.87,153,89,23.2,64,moderate_stress
php_00065,pothos,shade_house,spring,78.8,74,1.393,356.5,21.2,629,65.2,22.1,62,moderate_stress
php_00066,pothos,shade_house,autumn,79.1,27.4,0.67,376.9,18.5,831,74.1,10.1,47,high_stress
php_00067,tomato,garden,summer,56.4,23.7,1.924,530.6,18.89,345,90.1,12.1,33,high_stress
php_00068,tomato,greenhouse,spring,27.4,46.1,0.942,1105.2,18.21,405,48.8,37.3,42,high_stress
php_00069,pothos,shade_house,summer,31.9,87.3,1.828,741.3,18.84,575,99.7,36,26,high_stress
php_00070,pothos,indoor,monsoon,38.3,32,2.295,1044.1,20.1,432,64.2,18.5,76,moderate_stress
php_00071,pothos,shade_house,summer,35.3,69.7,2.323,1151.5,20.34,289,83.1,17.9,65,moderate_stress
php_00072,lettuce,hydroponic,summer,61.9,34.6,1.958,529.1,18.27,186,57.5,34.8,29,high_stress
php_00073,basil,garden,monsoon,84.6,31.5,2.085,892.7,21.49,629,66.3,19.5,69,moderate_stress
php_00074,snake_plant,shade_house,summer,61.1,48.4,0.195,1149.1,21.41,813,44.9,15.3,65,moderate_stress
php_00075,rose,greenhouse,monsoon,64.5,52.7,1.248,636,20.32,294,67.7,23.1,81,healthy
php_00076,lettuce,greenhouse,autumn,82.8,35.4,1.879,411.1,18.56,366,39.6,26.8,37,high_stress
php_00077,aloe_vera,indoor,winter,92.6,64,1.81,851.3,19.41,648,98.5,23.5,43,high_stress
php_00078,pothos,shade_house,winter,56.2,15,1.973,493,20.91,565,94.6,33.7,53,high_stress
php_00079,lettuce,hydroponic,autumn,61.2,71.4,1.942,353.2,20.74,726,48.1,10.3,73,moderate_stress
php_00080,aloe_vera,indoor,summer,79.1,55.8,2.427,723.4,21.4,469,70.9,26.8,60,moderate_stress
php_00081,lettuce,greenhouse,monsoon,80.8,38.9,1.707,655.1,20.88,989,94.7,18.4,74,moderate_stress
php_00082,snake_plant,shade_house,spring,87.2,88.6,0.467,469.5,20.41,876,90.3,11.2,30,high_stress
php_00083,mint,indoor,autumn,31.3,82.5,0.186,490.5,19.51,928,40.8,8.6,55,moderate_stress
php_00084,aloe_vera,indoor,winter,80,31.7,0.798,472.2,18.75,600,73.6,34.4,73,moderate_stress
php_00085,basil,garden,autumn,82.9,75.9,1.505,741.8,18.21,464,53.6,27.5,57,moderate_stress
php_00086,mint,garden,spring,74.7,65,1.719,788.2,20.71,502,43.1,12.7,72,moderate_stress
php_00087,snake_plant,shade_house,spring,48.6,59.8,2.274,456.6,19.53,158,90.2,16.5,62,moderate_stress
php_00088,mint,garden,monsoon,64.8,68.5,0.127,860.6,20.84,387,71.1,18.1,97,healthy
php_00089,mint,greenhouse,summer,51.7,63.1,0.428,511.5,19.64,249,88.7,20.3,93,healthy
php_00090,tomato,garden,spring,51.2,29.9,0.447,796.2,20.59,673,32.6,33.6,62,moderate_stress
php_00091,lettuce,hydroponic,autumn,25.3,71.2,0.477,1123.5,20.95,499,43.1,14.9,81,healthy
php_00092,lettuce,hydroponic,winter,79,26.1,2.455,1090.7,18.84,906,43.3,18.5,30,high_stress
php_00093,basil,garden,spring,43.7,62.3,0.163,569,18.63,841,43.9,15.1,72,moderate_stress
php_00094,rose,greenhouse,winter,70.2,26,0.513,801.2,19.06,62,62.6,12.9,66,moderate_stress
php_00095,snake_plant,indoor,summer,36.4,27.3,1.017,629.6,20.21,846,43.8,10.6,60,moderate_stress
php_00096,mint,garden,winter,75.2,87.5,1.705,606.4,20.17,646,21.4,11.4,45,high_stress
php_00097,snake_plant,shade_house,winter,60.2,57.1,0.331,366.5,19.28,1003,68,32.7,67,moderate_stress
php_00098,pothos,shade_house,winter,46.5,47.6,0.389,633.9,20.92,682,75.4,26.5,89,healthy
php_00099,rose,garden,winter,90.4,86.2,2.03,1221.5,18.86,811,69.5,19.2,46,high_stress
php_00100,pothos,shade_house,autumn,29,16.1,1.643,415.7,21.01,413,22.8,11,33,high_stress
php_00101,mint,indoor,winter,25.4,30.5,1.452,446,18.71,684,69.8,19.3,56,moderate_stress
php_00102,snake_plant,shade_house,monsoon,80.2,35.5,1.128,970.4,19.27,875,47.3,30.1,60,moderate_stress
php_00103,aloe_vera,arid_garden,winter,39,74.8,1.536,457.1,19.28,663,24.5,18,32,high_stress
php_00104,pothos,shade_house,autumn,55.8,52.1,1.35,733.4,18.51,290,66.3,22.9,73,moderate_stress
php_00105,rose,garden,winter,41,41.5,0.415,1001.7,19.33,954,53.4,9.5,72,moderate_stress
php_00106,tomato,greenhouse,monsoon,89.7,36.3,1.833,974.6,20.82,213,83.4,22.7,61,moderate_stress
php_00107,tomato,garden,spring,38.6,57.4,0.412,807.7,20.31,272,76.2,19.8,93,healthy
php_00108,mint,indoor,autumn,44,87.7,0.693,463.3,19.64,564,27,27.4,60,moderate_stress
php_00109,rose,garden,monsoon,88.4,55.8,0.949,442.8,21.11,964,52.8,19.5,92,healthy
php_00110,mint,indoor,winter,66.2,32.5,0.125,540.9,18.52,431,32.7,29.1,50,high_stress
php_00111,aloe_vera,indoor,winter,45.6,84.4,0.356,860.7,19.52,39,29.1,25.1,29,high_stress
php_00112,snake_plant,shade_house,spring,47.7,71.8,0.789,361,20.37,676,51.5,22.5,65,moderate_stress
php_00113,rose,garden,autumn,76.5,23,1.59,395.5,20.61,863,67.1,30.3,68,moderate_stress
php_00114,snake_plant,shade_house,summer,52.1,20.1,0.111,696.7,20.19,396,62.8,23.5,100,healthy
php_00115,snake_plant,shade_house,winter,71.1,23.8,1.858,1242.2,18.8,839,60.6,36.2,39,high_stress
php_00116,aloe_vera,arid_garden,spring,57.9,87.1,1.978,676.2,21.13,147,92.4,36.9,26,high_stress
php_00117,rose,garden,autumn,26.6,35.2,1.149,586.1,19.84,744,75.6,30.9,74,moderate_stress
php_00118,rose,garden,monsoon,50.6,85.2,0.354,1244.8,21.08,1014,35.3,32.8,47,high_stress
php_00119,rose,greenhouse,summer,89.9,47.2,2.168,419.1,20.02,973,95.6,9.4,66,moderate_stress
php_00120,tomato,garden,winter,50.1,16.6,1.789,635.4,19.19,507,83.9,23.5,47,high_stress
php_00121,aloe_vera,arid_garden,autumn,51.7,76,1.682,1083.1,18.62,578,52.5,31.2,40,high_stress
php_00122,mint,indoor,summer,73.2,70.6,1.842,1165.9,19.38,200,80.7,29,61,moderate_stress
php_00123,tomato,greenhouse,summer,88.3,51.3,0.766,622,20.68,83,61.6,18.9,78,moderate_stress
php_00124,rose,greenhouse,monsoon,31.7,31,0.408,684.2,20.8,263,36.5,22.1,65,moderate_stress
php_00125,rose,garden,monsoon,57.8,15.6,1.459,859.8,20.14,156,62.2,15.1,62,moderate_stress
php_00126,mint,garden,autumn,48.8,63.3,0.954,861.1,18.45,764,53.2,33,61,moderate_stress
php_00127,lettuce,greenhouse,monsoon,42.5,62.8,2.328,887.6,19.51,80,63.5,29.4,47,high_stress
php_00128,aloe_vera,arid_garden,summer,89.4,9.1,1.153,1049.9,20.41,798,51.9,22.9,74,moderate_stress
php_00129,pothos,shade_house,monsoon,68.4,15.2,0.431,956.8,20.05,1013,34.2,14,38,high_stress
php_00130,pothos,indoor,winter,78.3,60.7,2.434,714.5,19.21,413,25.8,37.5,22,high_stress
php_00131,tomato,garden,monsoon,34.9,68.8,2.198,1141,18.72,118,78.9,29.6,52,high_stress
php_00132,lettuce,greenhouse,monsoon,91.4,24.7,0.933,1224,19.38,352,98.2,9.4,44,high_stress
php_00133,mint,indoor,summer,64.2,30.1,0.702,1204.4,18.61,404,98,29.6,57,moderate_stress
php_00134,pothos,shade_house,spring,68.2,47.9,2.353,575.6,19.1,631,65.5,20.1,64,moderate_stress
php_00135,lettuce,hydroponic,winter,25.6,12.1,1.854,758.5,19.68,506,53.2,14.9,44,high_stress
php_00136,snake_plant,indoor,winter,80.4,14,0.726,364.5,18.4,905,24.9,31.4,38,high_stress
php_00137,pothos,shade_house,autumn,31.1,50.7,1.991,625.4,19.68,183,38.2,17,67,moderate_stress
php_00138,mint,garden,spring,53.8,74.6,1.085,1081.8,20.97,656,87.8,16.3,88,healthy
php_00139,snake_plant,shade_house,autumn,37.8,32,1.879,809.9,18.55,655,73.9,31,65,moderate_stress
php_00140,tomato,greenhouse,winter,44.7,15.7,1.042,458.9,19.71,180,57.6,8.6,23,high_stress
php_00141,pothos,indoor,winter,76,15.3,2.112,597.4,19.76,782,29.4,18,31,high_stress
php_00142,basil,greenhouse,summer,39.8,85.6,1.269,380.9,18.79,400,32.5,12.9,32,high_stress
php_00143,basil,indoor,monsoon,67.3,48.8,2.429,781,18.53,1006,66.6,36.6,48,high_stress
php_00144,aloe_vera,arid_garden,winter,34.5,84.5,2.392,1206.1,19.53,508,93.6,13.2,14,high_stress
php_00145,tomato,greenhouse,summer,60.9,50.9,2.43,655.1,20.18,153,91.4,24.1,67,moderate_stress
php_00146,rose,greenhouse,winter,47.7,80,0.783,973.8,19.8,382,37.9,21,56,moderate_stress
php_00147,mint,indoor,winter,60.9,87.4,1.2,816.3,18.84,983,49,36.9,35,high_stress
php_00148,snake_plant,shade_house,spring,71.5,39.8,0.761,419.4,20.15,831,36.1,13.3,59,moderate_stress
php_00149,lettuce,greenhouse,monsoon,63.9,58.1,0.84,733.1,19.46,663,24.1,19.9,63,moderate_stress
php_00150,aloe_vera,arid_garden,winter,25.1,24.2,0.708,916.7,20.31,679,56.1,29.1,85,healthy
php_00151,pothos,shade_house,spring,32.9,25.4,1.4,1201.3,20.33,912,66.8,36.4,46,high_stress
php_00152,lettuce,greenhouse,winter,58.5,34.4,0.573,868.5,19.09,607,50,36,49,high_stress
php_00153,rose,greenhouse,monsoon,81.8,34,2.229,648.4,18.91,87,62.4,25.8,57,moderate_stress
php_00154,lettuce,hydroponic,summer,31.5,10.2,0.802,663.8,21.21,858,28.1,16,37,high_stress
php_00155,aloe_vera,arid_garden,monsoon,43.5,80.5,2.215,924.8,21.17,969,47.9,22.2,36,high_stress
php_00156,basil,garden,autumn,33.5,57.5,0.159,562.6,21.17,739,96.3,30.5,95,healthy
php_00157,rose,garden,summer,77.5,67,1.449,502.7,18.22,490,91.3,21.3,73,moderate_stress
php_00158,mint,greenhouse,spring,78.2,87.1,2.465,709.5,20.33,913,59,24.6,66,moderate_stress
php_00159,mint,indoor,winter,39.2,67.3,1.779,842.1,19.08,126,58,37.2,49,high_stress
php_00160,tomato,garden,autumn,79.4,11.7,2.23,512.4,21.08,541,27.4,31.2,29,high_stress
php_00161,pothos,indoor,winter,27.3,86,1.284,1085.1,21.11,217,60.8,18.4,66,moderate_stress
php_00162,aloe_vera,arid_garden,monsoon,38.1,9.6,1.708,1071.4,21.29,202,32.3,24.2,50,high_stress
php_00163,mint,indoor,winter,38.1,47.9,0.143,396.8,20.2,58,75.5,13,88,healthy
php_00164,pothos,indoor,monsoon,26.4,35.5,1.841,532.8,18.76,647,82,21,67,moderate_stress
php_00165,aloe_vera,arid_garden,winter,37.8,18.6,0.418,594.4,21.08,783,81.1,14.1,89,healthy
php_00166,tomato,greenhouse,autumn,38.3,53.1,2.124,772.4,19.28,374,25.5,14.3,34,high_stress
php_00167,lettuce,greenhouse,spring,39.8,81,2.241,783.4,18.29,119,86,23.2,48,high_stress
php_00168,rose,greenhouse,spring,51.3,88.8,1.864,565.3,18.43,969,20.2,33.9,16,high_stress
php_00169,lettuce,greenhouse,winter,47.8,32.8,1.406,561.7,20.13,854,37.5,34.3,34,high_stress
php_00170,mint,greenhouse,winter,92.9,24.2,0.354,1003.5,19.86,333,85,37.1,44,high_stress
php_00171,basil,garden,autumn,72.3,52.8,0.865,750.3,20.08,257,98,26.4,85,healthy
php_00172,mint,indoor,autumn,34.9,29,0.952,1080.8,20.91,631,98.3,18.9,75,moderate_stress
php_00173,lettuce,hydroponic,winter,82.9,39.3,1.139,733,21.2,155,85.1,26.2,75,moderate_stress
php_00174,lettuce,greenhouse,winter,82.2,76.2,1.559,925.8,21.37,153,81,11.3,72,moderate_stress
php_00175,lettuce,hydroponic,monsoon,32.9,81.8,2.125,681.8,21.15,951,77.4,29.5,57,moderate_stress
php_00176,snake_plant,shade_house,winter,92.9,16.6,1.513,721.7,19.36,888,44.1,32.5,45,high_stress
php_00177,tomato,garden,summer,27.1,14.5,1.317,391.6,20.49,402,24.5,22.1,30,high_stress
php_00178,basil,greenhouse,winter,75.7,47.3,2.384,833.7,20.55,1013,42.4,14.8,59,moderate_stress
php_00179,rose,greenhouse,winter,80,21.5,0.927,1160.7,21.36,173,42.9,10.5,48,high_stress
php_00180,tomato,garden,autumn,70.6,17.5,0.176,384.6,21.25,100,31.6,12.2,30,high_stress
php_00181,aloe_vera,arid_garden,spring,84.3,77.4,1.417,600.5,19.64,275,36.1,31.8,34,high_stress
php_00182,rose,garden,spring,34.4,30,1.433,716.8,21.36,173,92.1,27.7,62,moderate_stress
php_00183,tomato,greenhouse,autumn,60.5,29.7,1.435,610.9,20.56,276,80.4,22.2,66,moderate_stress
php_00184,lettuce,hydroponic,monsoon,74.1,44.4,0.757,862.8,21.02,617,56.2,29.3,77,moderate_stress
php_00185,basil,greenhouse,winter,66.1,74.7,1.658,925,21.4,320,55.4,26.4,74,moderate_stress
php_00186,lettuce,hydroponic,winter,65.7,37.7,2.23,662.6,20.8,840,61.7,35.9,43,high_stress
php_00187,mint,greenhouse,winter,39.2,71.1,0.041,1219.9,20.87,976,38.9,24.7,68,moderate_stress
php_00188,basil,indoor,winter,34.1,69,2.235,488.8,18.79,776,29.6,32.3,38,high_stress
php_00189,rose,greenhouse,winter,61.2,67.3,0.973,755.5,18.72,903,28,11,57,moderate_stress
php_00190,tomato,garden,monsoon,56.4,81.6,1.196,339.1,21.06,190,66.8,13.8,66,moderate_stress
php_00191,basil,indoor,monsoon,71.1,76,0.837,1061.1,18.98,293,24.4,18.9,49,high_stress
php_00192,tomato,greenhouse,autumn,29.8,17.8,1.714,1056.7,19.37,797,34.7,9.9,14,high_stress
php_00193,aloe_vera,indoor,summer,68.1,79.2,2.479,629.2,20.08,159,84.6,38,23,high_stress
php_00194,mint,indoor,spring,65.6,83.5,0.613,1237.4,18.56,229,41.6,27.7,55,moderate_stress
php_00195,mint,indoor,summer,41.3,17.6,1.081,936.7,18.41,436,95.9,29.3,47,high_stress
php_00196,basil,garden,monsoon,59.9,12,2.393,865,21.28,733,21,34.3,15,high_stress
php_00197,mint,greenhouse,spring,42.7,10.9,1.441,793.6,18.77,883,76.1,10.1,32,high_stress
php_00198,lettuce,greenhouse,monsoon,26.6,35.1,1.591,633.8,19.47,781,74.3,8.8,49,high_stress
php_00199,basil,greenhouse,monsoon,57.4,70.6,1.664,1099.8,18.5,799,39.8,27.8,53,high_stress
php_00200,tomato,garden,winter,90.6,35,1.539,638.6,19.08,411,59,33.8,55,moderate_stress
php_00201,basil,garden,monsoon,84.2,43.6,0.747,688.2,18.3,539,68.2,23.7,85,healthy
php_00202,basil,garden,autumn,70.7,74.3,2.042,1192.6,18.83,416,21.8,36.2,23,high_stress
php_00203,snake_plant,shade_house,summer,83.5,32.1,0.084,736.9,20.03,870,25.1,35.9,44,high_stress
php_00204,snake_plant,shade_house,spring,33.5,9.1,0.951,1171.8,18.78,359,35.9,16.8,56,moderate_stress
php_00205,pothos,shade_house,autumn,67.6,60.5,1.37,1187.4,21.4,132,36.9,21.5,72,moderate_stress
php_00206,mint,greenhouse,spring,91.6,70.4,2.146,1248.5,19.34,365,84.9,20.3,63,moderate_stress
php_00207,rose,garden,monsoon,56.1,54.5,0.91,1131,20.84,176,58.5,18.5,79,moderate_stress
php_00208,tomato,greenhouse,monsoon,69.3,36.4,2.429,970.4,20.35,754,70,23.9,75,moderate_stress
php_00209,lettuce,hydroponic,summer,37.1,51.4,0.342,402.8,19.16,175,43.3,16.4,79,moderate_stress
php_00210,rose,garden,autumn,68.6,29,2.318,729.1,20.45,481,23.3,15.7,46,high_stress
php_00211,mint,greenhouse,summer,69.7,66.4,1.254,543.2,21.48,202,79.1,16.9,89,healthy
php_00212,mint,greenhouse,autumn,74.2,65.6,0.748,334.5,19.96,366,45.8,22,89,healthy
php_00213,tomato,greenhouse,spring,46.1,25.9,1.221,526.1,19.62,629,88.3,13.8,57,moderate_stress
php_00214,aloe_vera,indoor,monsoon,45.4,86.7,1.18,637.7,20.59,172,50.3,24.6,35,high_stress
php_00215,basil,garden,monsoon,79.3,13.4,1.237,1055.9,20.78,360,53.6,11.7,41,high_stress
php_00216,pothos,shade_house,summer,81.5,50.9,1.619,840.9,18.87,467,29.4,36.7,37,high_stress
php_00217,lettuce,hydroponic,monsoon,66.5,90,2.059,870.9,20.42,836,48.2,25.2,64,moderate_stress
php_00218,pothos,indoor,autumn,39.3,14.1,1.029,695.1,19.46,325,48.4,9.4,46,high_stress
php_00219,pothos,indoor,summer,85.7,17.2,1.958,695,21.49,905,71.4,26.1,51,high_stress
php_00220,rose,garden,monsoon,52.6,29.1,2.164,1145.4,19.09,799,43.2,15.9,55,moderate_stress
php_00221,aloe_vera,arid_garden,monsoon,36.5,31,0.871,1035.9,20.91,457,89.1,21.3,92,healthy
php_00222,aloe_vera,indoor,winter,88.7,30.5,0.802,662.9,20.3,265,63.5,26.5,85,healthy
php_00223,pothos,indoor,spring,45.1,42.1,0.966,1192.4,19.31,885,39.4,19,61,moderate_stress
php_00224,snake_plant,shade_house,monsoon,62.8,31.9,1.382,1065.6,19.06,503,80.7,22.4,76,moderate_stress
php_00225,pothos,shade_house,summer,45.6,50.7,1.106,387.1,21.14,397,42.5,35.1,68,moderate_stress
php_00226,basil,greenhouse,summer,93.4,61.2,1.551,745.4,18.95,672,80.7,28.9,78,moderate_stress
php_00227,tomato,greenhouse,summer,54.6,54.2,0.225,1028.6,18.4,67,97,18.2,69,moderate_stress
php_00228,basil,greenhouse,autumn,72.8,81.5,0.618,1063.4,19.19,44,42,37.8,34,high_stress
php_00229,rose,greenhouse,autumn,37.5,21.7,2.111,1220.1,20.85,759,59.8,24.9,55,moderate_stress
php_00230,pothos,indoor,summer,69.4,59.9,1.908,1072.5,19.32,540,38.7,29.6,56,moderate_stress
php_00231,tomato,greenhouse,summer,54.1,16.2,1.586,435.3,20.39,861,71.5,13.3,50,high_stress
php_00232,snake_plant,shade_house,summer,44.8,21,1.531,807.3,20.85,155,68.3,34.7,84,healthy
php_00233,aloe_vera,indoor,monsoon,64.2,56.8,2.105,882.9,18.38,782,67.3,37.4,41,high_stress
php_00234,lettuce,greenhouse,autumn,57.9,85.7,1.052,1181.8,19.17,91,85,24.5,65,moderate_stress
php_00235,snake_plant,indoor,winter,81.6,46.1,2.252,877.4,20.11,313,52.3,29.1,69,moderate_stress
php_00236,snake_plant,shade_house,spring,59.2,83.4,1.566,494.7,18.76,783,77.3,20.7,37,high_stress
php_00237,tomato,garden,spring,57.6,11.5,1.145,458.4,19.61,766,21.7,11.2,18,high_stress
php_00238,snake_plant,indoor,autumn,35,52.2,1.683,421.6,18.96,719,31.2,35.8,29,high_stress
php_00239,basil,garden,summer,43.8,84.3,0.249,856.3,21,968,86.7,18.5,82,healthy
php_00240,tomato,garden,summer,86,66.4,1.918,335.2,19.69,35,97.9,20.9,58,moderate_stress
php_00241,tomato,garden,winter,83.9,53.3,1.593,566.7,20.37,1016,84.5,29.4,83,healthy
php_00242,lettuce,hydroponic,spring,28.2,50,0.487,1112.9,20.83,950,87.3,34.9,60,moderate_stress
php_00243,tomato,greenhouse,spring,40.2,52.2,2.396,911.5,20.94,875,34.5,25.8,55,moderate_stress
php_00244,mint,greenhouse,spring,32.1,65.5,0.506,952.1,18.42,69,45.5,31.3,56,moderate_stress
php_00245,basil,garden,spring,46,82.2,1.091,847.8,18.65,784,77.6,33.1,64,moderate_stress
php_00246,pothos,indoor,spring,25.4,14.2,1.104,672.3,20.98,356,77.7,15.8,66,moderate_stress
php_00247,rose,greenhouse,monsoon,65.1,11.7,2.27,343.9,21.06,476,63,19.6,58,moderate_stress
php_00248,snake_plant,indoor,monsoon,64.9,58.6,2.435,1025.7,19.74,87,56.5,32,58,moderate_stress
php_00249,pothos,shade_house,autumn,76.1,53.4,0.522,363.8,20.14,199,57.7,14.4,90,healthy
php_00250,basil,garden,spring,92.1,46.3,2.1,1214.3,18.52,483,95,37.7,40,high_stress
php_00251,pothos,indoor,summer,55.1,77.1,0.68,377.9,21.46,560,22.3,26.2,50,high_stress
php_00252,lettuce,greenhouse,monsoon,38.6,65.1,0.473,455.3,20.93,242,24.1,29.8,54,high_stress
php_00253,rose,greenhouse,winter,30.8,55.1,1.983,761.9,20.72,199,91.7,29.6,66,moderate_stress
php_00254,aloe_vera,indoor,summer,73.1,82.1,2.434,753.6,21.03,818,36.1,28.8,24,high_stress
php_00255,aloe_vera,indoor,summer,75,82.8,1.13,883.7,20.14,217,99.9,22.5,39,high_stress
php_00256,snake_plant,indoor,monsoon,93.9,58.5,0.511,761.9,20.65,582,92.4,12.3,64,moderate_stress
php_00257,tomato,garden,spring,90.8,56.1,1.754,1156.4,18.61,488,31.4,32,44,high_stress
php_00258,basil,indoor,autumn,54.1,49.8,1.925,968.2,20.47,716,96.5,8.9,66,moderate_stress
php_00259,aloe_vera,arid_garden,autumn,88.3,69.9,0.292,780.3,18.58,741,35.9,9.5,22,high_stress
php_00260,aloe_vera,arid_garden,monsoon,83.9,43.7,2.041,890.9,21.22,991,32,20,60,moderate_stress
php_00261,mint,garden,autumn,49.5,65.6,0.767,371.4,19.95,463,89,35.6,78,moderate_stress
php_00262,rose,greenhouse,summer,64.7,29.5,1.726,1161.3,18.51,325,65.6,12.7,52,high_stress
php_00263,aloe_vera,arid_garden,autumn,74.7,35,0.973,1197.8,20.73,608,97.9,24.7,91,healthy
php_00264,pothos,indoor,spring,36.3,51.5,1.116,374,20.94,131,54.9,10.1,73,moderate_stress
php_00265,basil,greenhouse,winter,49.8,46,0.07,1023.5,21.28,147,51.5,37.8,56,moderate_stress
php_00266,rose,greenhouse,winter,56,83.4,2.286,504.1,18.91,529,61.7,13,52,high_stress
php_00267,lettuce,greenhouse,summer,76.7,89,0.083,359.7,18.75,380,56.3,35.9,53,high_stress
php_00268,aloe_vera,indoor,monsoon,62.1,51.5,0.825,652.4,19.68,345,29.4,19.3,60,moderate_stress
php_00269,tomato,garden,summer,80.3,71.2,1.303,723.8,18.37,126,96.2,32.4,57,moderate_stress
php_00270,aloe_vera,arid_garden,winter,86.6,87.4,1.323,1198.1,19.89,896,66.7,23.8,35,high_stress
php_00271,lettuce,hydroponic,monsoon,40.7,42.3,1.605,425.6,18.39,654,78.8,14.2,63,moderate_stress
php_00272,basil,greenhouse,monsoon,58.5,29.2,1.758,878.8,21.18,647,54.9,27.1,71,moderate_stress
php_00273,lettuce,greenhouse,autumn,91.4,76.1,2.162,761,18.44,496,85.2,23.3,61,moderate_stress
php_00274,tomato,garden,summer,93.9,53.4,1.792,597.9,19.7,613,21.5,23.4,54,high_stress
php_00275,basil,greenhouse,autumn,70.7,55.4,2.066,533.6,21.45,1005,25.9,36.9,39,high_stress
php_00276,aloe_vera,indoor,autumn,32.2,62.8,2.476,1080.1,18.78,630,77.5,28.7,45,high_stress
php_00277,tomato,garden,autumn,42.5,15,1.867,983.3,19.29,796,61,37.1,31,high_stress
php_00278,basil,greenhouse,winter,79.5,42.4,2.355,813.5,18.89,408,80.9,27.3,70,moderate_stress
php_00279,basil,greenhouse,spring,62.6,59.8,1.001,882.9,21.48,924,25.7,30.6,70,moderate_stress
php_00280,lettuce,greenhouse,autumn,77.7,71.9,2.483,720,20.81,401,64.4,18.4,76,moderate_stress
php_00281,rose,greenhouse,summer,87.8,20.9,1.636,1121.6,21.49,945,20.9,16.4,35,high_stress
php_00282,aloe_vera,indoor,winter,87.7,77.3,0.346,832.8,19.27,500,68.4,11.8,42,high_stress
php_00283,mint,indoor,winter,26.8,81.1,1.423,376.4,19.21,742,88.6,24.7,77,moderate_stress
php_00284,tomato,greenhouse,winter,80.2,58.6,0.188,941.3,19.83,525,99.1,32.7,82,healthy
php_00285,basil,greenhouse,monsoon,71.6,72.1,0.148,1191.2,20.72,183,92.4,13.1,70,moderate_stress
php_00286,aloe_vera,arid_garden,winter,45.7,56.1,2.244,604.1,19.6,539,51.3,16.6,56,moderate_stress
php_00287,mint,greenhouse,winter,67.3,69.5,0.295,702.9,18.24,578,42.9,14.1,73,moderate_stress
php_00288,tomato,greenhouse,spring,38.3,20.1,0.879,368.5,21.34,966,76.5,13.1,55,moderate_stress
php_00289,rose,garden,autumn,58.8,69.1,1.515,975,19.98,984,68.1,21,77,moderate_stress
php_00290,pothos,indoor,spring,87.4,74.2,1.638,518.6,21.14,540,35.8,8.6,36,high_stress
php_00291,mint,indoor,summer,83.7,59,1.496,1219.6,20.69,279,29.2,32.9,48,high_stress
php_00292,rose,greenhouse,winter,43.1,26,2.191,1030.1,19.62,31,37.9,29.6,31,high_stress
php_00293,basil,greenhouse,spring,37.2,75.6,0.748,425.6,18.64,51,60.7,19.7,60,moderate_stress
php_00294,snake_plant,shade_house,winter,48.6,9.8,2.198,893.1,20,812,61.9,14.1,54,high_stress
php_00295,aloe_vera,indoor,summer,25.8,80.2,1.288,1195.2,19.61,343,36,16.5,21,high_stress
php_00296,pothos,shade_house,summer,49.4,48.7,2.071,481.7,19.82,269,25.7,23.5,58,moderate_stress
php_00297,pothos,shade_house,winter,34,67.1,1.732,987.8,21.29,178,37.8,17,62,moderate_stress
php_00298,snake_plant,shade_house,winter,66.6,10.5,0.645,532.1,19.36,914,58.5,12.8,59,moderate_stress
php_00299,mint,garden,spring,79.2,73.1,1.291,1131.5,20.99,876,74,26.1,78,moderate_stress
php_00300,aloe_vera,arid_garden,spring,60.8,40.8,1.754,487.5,20.39,464,99,31,82,healthy
php_00301,lettuce,hydroponic,spring,25.4,8.3,0.185,481.4,20.24,252,77.4,32.5,34,high_stress
php_00302,tomato,garden,spring,75.5,78.2,2.217,810.7,18.49,578,98.3,10.5,38,high_stress
php_00303,snake_plant,shade_house,spring,91.4,45.8,1.445,406.6,19.69,526,31.8,20.4,60,moderate_stress
php_00304,aloe_vera,arid_garden,summer,40,11.2,1.224,984,18.7,536,27.9,15.8,47,high_stress
php_00305,mint,garden,autumn,52.6,11.4,1.636,863.4,20.87,159,62.2,20.4,48,high_stress
php_00306,pothos,indoor,monsoon,60.5,64.1,1.137,556.9,18.36,642,92.7,22.1,73,moderate_stress
php_00307,basil,garden,summer,33.5,69.9,0.482,437.1,21.46,399,90.4,20,87,healthy
php_00308,pothos,shade_house,monsoon,93.3,20.9,2.187,481.3,19.88,489,28.9,32.5,32,high_stress
php_00309,pothos,indoor,spring,63,85.2,1.889,350.6,20.79,718,95.2,33,50,high_stress
php_00310,rose,garden,summer,36.8,73.4,1.087,1054.1,20.57,1003,47,25.2,73,moderate_stress
php_00311,tomato,garden,monsoon,47.6,29,1.393,480.6,18.83,1015,98.4,29.5,58,moderate_stress
php_00312,rose,garden,spring,35.4,13.3,1.041,1066.7,19.27,346,59.9,29.6,47,high_stress
php_00313,rose,greenhouse,spring,25.6,48.1,2.492,1182,18.75,647,34.6,23.5,37,high_stress
php_00314,pothos,indoor,autumn,27.6,50.2,0.67,923.5,19.74,554,75.5,32.6,82,healthy
php_00315,mint,greenhouse,monsoon,80,23.3,1.902,798.4,19.77,263,67,21.4,61,moderate_stress
php_00316,aloe_vera,indoor,monsoon,58.1,55,1.838,526.3,21.23,89,75,12.9,50,high_stress
php_00317,tomato,greenhouse,autumn,48.5,14.9,1.207,821.7,20.15,464,68.3,9,40,high_stress
php_00318,snake_plant,shade_house,winter,42.6,18.6,1.385,1127.1,18.99,103,96,16.1,72,moderate_stress
php_00319,rose,greenhouse,monsoon,66.9,37.2,2.426,1217.7,20.29,286,25.1,8.6,30,high_stress
php_00320,aloe_vera,indoor,autumn,87.5,85.1,1.764,1028.1,18.29,590,39.9,28.2,11,high_stress
php_00321,lettuce,greenhouse,summer,80.6,63.5,2.476,640.8,19.56,448,89.6,24.3,77,moderate_stress
php_00322,snake_plant,indoor,spring,56.7,77.4,0.59,769.4,18.96,321,85.5,9.1,47,high_stress
php_00323,pothos,indoor,autumn,51,15.7,1.551,614.4,19.85,472,34,28.1,48,high_stress
php_00324,basil,garden,winter,38.3,73.8,1.595,1244,19.82,567,26.4,24.8,52,high_stress
php_00325,tomato,greenhouse,summer,28.3,66.1,0.396,800.4,19.46,570,31.7,14.3,59,moderate_stress
php_00326,aloe_vera,arid_garden,winter,57.3,66.9,1.977,1180.6,20.15,690,94.5,29.9,50,high_stress
php_00327,lettuce,hydroponic,autumn,90.3,23.1,1.498,995.2,20.39,369,42.5,33.7,25,high_stress
php_00328,basil,garden,monsoon,68.4,17.3,1.175,433.1,21.28,499,67.6,18.5,71,moderate_stress
php_00329,mint,indoor,spring,78.9,11.8,1.68,653.8,19.33,433,43.1,27.4,36,high_stress
php_00330,mint,indoor,spring,91.4,55.9,1.033,798.7,18.53,434,22.5,35,28,high_stress
php_00331,lettuce,greenhouse,monsoon,30.3,74.5,1.093,540.7,18.66,614,62.4,29.3,64,moderate_stress
php_00332,aloe_vera,arid_garden,winter,74.4,14.7,2.382,683,19.73,573,93.1,14.4,66,moderate_stress
php_00333,snake_plant,shade_house,autumn,58.2,83.5,1.13,989.1,21.17,206,22.1,18.7,32,high_stress
php_00334,tomato,garden,spring,37.7,8.5,0.518,1092.3,21.04,440,32.9,21.8,45,high_stress
php_00335,tomato,garden,autumn,33.8,48.1,1.232,447.2,18.39,889,22.5,21.8,54,high_stress
php_00336,aloe_vera,arid_garden,summer,84,16.9,2.095,873.6,19.35,623,23.6,20.7,52,high_stress
php_00337,lettuce,hydroponic,winter,29.6,78.9,2.108,751.9,18.65,556,32.3,13,52,high_stress
php_00338,snake_plant,indoor,winter,67.6,25.1,0.923,522.7,21.45,221,87.6,12.2,80,healthy
php_00339,pothos,indoor,spring,76.9,8.2,0.356,730,19.38,848,24.6,34.8,22,high_stress
php_00340,tomato,garden,summer,27.2,67.4,0.166,758.6,20.55,72,26.3,31.4,55,moderate_stress
php_00341,tomato,greenhouse,winter,65.9,61.4,1.997,1127.3,19.1,606,77.3,28.1,74,moderate_stress
php_00342,mint,greenhouse,spring,71.4,9.1,0.951,466.7,19.11,829,42.8,35.4,20,high_stress
php_00343,lettuce,greenhouse,spring,64.8,36.4,2.412,624.9,19.77,58,38.1,31.1,30,high_stress
php_00344,mint,greenhouse,spring,60.2,51.2,2.384,448.5,18.91,844,49.8,9.1,48,high_stress
php_00345,rose,greenhouse,monsoon,89.5,26.7,0.18,422.9,19.43,848,35.6,27.8,62,moderate_stress
php_00346,pothos,shade_house,summer,51.4,71.9,0.473,1019.3,21.25,825,63.1,21.3,78,moderate_stress
php_00347,lettuce,greenhouse,spring,86.8,62,2.33,831.7,18.27,914,74.5,16,58,moderate_stress
php_00348,basil,indoor,summer,60.3,17.9,0.951,813,20.69,353,78.9,19.1,68,moderate_stress
php_00349,rose,greenhouse,spring,57.9,62.2,0.999,911,18.27,104,76.1,24.8,65,moderate_stress
php_00350,basil,indoor,monsoon,31,35.7,1.009,475.4,18.85,184,77.2,23.2,63,moderate_stress
php_00351,snake_plant,indoor,spring,49.6,21.3,1.486,1156.1,19.77,635,43.5,20.7,63,moderate_stress
php_00352,mint,garden,monsoon,87.9,12.1,2.441,1123.5,18.62,378,69.6,31.3,16,high_stress
php_00353,basil,greenhouse,summer,80.1,13.1,1.729,951.4,18.25,426,32.6,34.2,12,high_stress
php_00354,rose,garden,spring,32.8,84.5,1.186,333.4,18.56,239,32.5,21.4,30,high_stress
php_00355,rose,garden,autumn,69.4,16.1,0.673,912.3,21.09,135,87,25.1,68,moderate_stress
php_00356,rose,garden,summer,88.3,68.8,0.78,375.4,20.67,49,44.5,24.4,66,moderate_stress
php_00357,lettuce,hydroponic,monsoon,50.1,52.2,0.549,913.5,18.38,88,58.9,26.7,67,moderate_stress
php_00358,lettuce,hydroponic,monsoon,57.8,20.8,2.214,1096.7,18.63,634,70.2,26.1,39,high_stress
php_00359,mint,indoor,winter,36.9,62.9,0.567,1165.7,19.86,988,34.5,31,56,moderate_stress
php_00360,snake_plant,shade_house,winter,77.8,43.7,0.204,451,19.23,752,27.4,28.4,58,moderate_stress
php_00361,aloe_vera,indoor,autumn,39.4,17.8,2.004,819.1,19.59,470,84.2,31.2,79,moderate_stress
php_00362,pothos,indoor,spring,63,80.6,0.853,836.8,21.05,259,60.5,30.4,76,moderate_stress
php_00363,tomato,greenhouse,autumn,78.2,87.6,2.203,535,20.07,393,58.2,15.3,50,high_stress
php_00364,pothos,shade_house,autumn,52.7,18.9,0.735,1001.7,19.83,106,58.4,17.9,81,healthy
php_00365,rose,greenhouse,autumn,68.3,65.5,2.479,744.7,20.42,41,67.3,28.2,62,moderate_stress
php_00366,lettuce,greenhouse,spring,78.5,26.3,2.378,1115.6,20.6,164,97.3,23.6,53,high_stress
php_00367,pothos,indoor,winter,50.6,84.3,2.433,1115.3,21.15,58,47.8,33.3,39,high_stress
php_00368,pothos,indoor,winter,36.8,50.8,1.149,770.5,20.3,840,48.9,15.3,67,moderate_stress
php_00369,lettuce,hydroponic,monsoon,84.3,88.4,0.665,1224.2,19.3,252,92.5,23.3,66,moderate_stress
php_00370,tomato,garden,summer,47.7,43.4,1.054,948.1,20.36,522,33.3,34.5,59,moderate_stress
php_00371,rose,greenhouse,monsoon,73,28.4,1.904,599.9,20.25,173,25.6,21.3,44,high_stress
php_00372,snake_plant,indoor,winter,60,83.6,1.939,754.8,19.63,800,36.8,13.8,19,high_stress
php_00373,aloe_vera,arid_garden,monsoon,78.9,40.3,0.531,891.3,20.08,513,63.9,29.7,91,healthy
php_00374,rose,garden,autumn,81.4,79.5,0.6,884.4,20.75,562,55.1,24,80,healthy
php_00375,pothos,indoor,autumn,89.9,35.4,0.522,963.5,21.09,342,81.5,20.1,91,healthy
php_00376,aloe_vera,arid_garden,spring,67.5,26.2,0.792,928.3,20.23,834,41.2,20.5,86,healthy
php_00377,tomato,garden,summer,65.5,12.5,1.789,562,21.14,113,40.9,21.6,30,high_stress
php_00378,basil,garden,winter,91.9,85.3,2.159,652.8,18.5,497,58.2,18.7,53,high_stress
php_00379,tomato,garden,summer,57.6,27.5,0.424,584.1,19.73,517,68,8.4,52,high_stress
php_00380,basil,garden,winter,36.6,74.7,0.552,644.3,20.33,752,77.5,9.6,71,moderate_stress
php_00381,aloe_vera,arid_garden,spring,58.3,64.6,0.364,877.2,20.93,148,92.8,37.5,58,moderate_stress
php_00382,rose,greenhouse,monsoon,47,9.2,2.268,482,18.84,465,61.6,33.9,27,high_stress
php_00383,mint,garden,summer,60,57,1.442,1085.8,20.06,935,95,35.2,57,moderate_stress
php_00384,aloe_vera,arid_garden,spring,92.7,51.5,2.19,877.6,19.51,261,92.4,25.8,55,moderate_stress
php_00385,snake_plant,indoor,summer,50.2,55.6,1.364,864.8,20.25,475,74.1,13,72,moderate_stress
php_00386,rose,greenhouse,winter,86.3,38.3,0.827,583.4,21.25,472,63.6,26.5,89,healthy
php_00387,basil,garden,summer,80.2,54.7,1.576,381.3,19.54,66,65.2,23.4,69,moderate_stress
php_00388,basil,greenhouse,winter,74,56.2,0.273,947,21,889,59.1,16.8,95,healthy
php_00389,tomato,garden,summer,61.1,48.3,2.048,1102.9,21.23,646,39.2,34.2,62,moderate_stress
php_00390,rose,greenhouse,autumn,86.3,19.3,1.563,634.1,18.41,325,55.9,28.6,41,high_stress
php_00391,basil,greenhouse,monsoon,48.3,70.9,2.46,434.4,21.39,516,88.7,23,68,moderate_stress
php_00392,snake_plant,indoor,winter,61.9,50.5,0.935,758.3,20.74,958,72,26.9,75,moderate_stress
php_00393,lettuce,greenhouse,autumn,46.4,58.9,2.295,441.6,19.67,840,97.9,20.6,76,moderate_stress
php_00394,snake_plant,indoor,autumn,52,27.6,0.005,1099,18.32,567,39.4,10.1,51,high_stress
php_00395,basil,garden,winter,26.2,24.6,2.335,1222.4,20.36,1013,98.4,14,38,high_stress
php_00396,rose,greenhouse,summer,83.5,16.7,2.341,1206.3,19.54,483,41.9,30.2,29,high_stress
php_00397,rose,greenhouse,autumn,83.1,51.1,0.07,1005.9,20.53,805,29.7,8.5,68,moderate_stress
php_00398,rose,greenhouse,spring,27,33.5,1.45,873.6,20.13,426,38.5,12.2,52,high_stress
php_00399,pothos,shade_house,autumn,48.6,25.8,1.51,1138.5,21.46,323,24.6,9.5,39,high_stress
php_00400,mint,indoor,summer,89.8,35.3,0.161,897.5,18.76,123,30.8,33.1,34,high_stress
php_00401,mint,greenhouse,summer,71.8,13.7,1.899,1238.1,20.41,791,99.5,13.6,45,high_stress
php_00402,pothos,shade_house,spring,71.4,62,1.43,445.9,19.72,731,36.6,10.2,44,high_stress
php_00403,aloe_vera,arid_garden,monsoon,32.1,42.8,0.341,1074.9,19.19,165,50.2,9,43,high_stress
php_00404,pothos,indoor,spring,72.4,33.2,0.535,1152.6,19.27,121,27.2,28.3,64,moderate_stress
php_00405,rose,garden,autumn,60.4,36.8,0.83,900.5,19.67,493,32.1,15,68,moderate_stress
php_00406,snake_plant,shade_house,spring,33.9,22.7,1.186,459.9,18.57,877,71,17,63,moderate_stress
php_00407,mint,garden,summer,29.7,61.1,2.189,1144.3,19.56,183,65.7,11.4,54,high_stress
php_00408,pothos,indoor,monsoon,41.8,24.8,0.541,888.9,20.41,245,40.8,37.1,65,moderate_stress
php_00409,basil,greenhouse,summer,84.7,61.3,1.908,557.3,21.47,980,67.3,27.3,75,moderate_stress
php_00410,rose,garden,summer,81.6,33.5,0.629,1197,19.42,741,87.5,36,58,moderate_stress
php_00411,basil,garden,spring,71.6,78,1.398,1083.3,19.28,863,84.2,28.3,67,moderate_stress
php_00412,rose,greenhouse,summer,74.9,24.9,1.17,703,18.99,718,37.6,33.1,49,high_stress
php_00413,snake_plant,indoor,summer,77.1,37.1,0.141,1057.9,20.78,652,95.2,24.5,86,healthy
php_00414,lettuce,hydroponic,summer,57.6,87.1,1.316,1139.5,18.65,627,36.2,14.2,51,high_stress
php_00415,snake_plant,shade_house,winter,73.9,15.5,1.258,654.6,21.23,495,96.3,36.8,63,moderate_stress
php_00416,lettuce,greenhouse,autumn,86.4,43.8,0.286,513.1,21.44,168,35.1,15.2,64,moderate_stress
php_00417,mint,greenhouse,winter,53.2,82.6,0.969,1178.8,19.87,152,70.9,12.9,69,moderate_stress
php_00418,basil,garden,spring,80.8,45.8,1.915,1052.3,18.44,205,45.7,35.5,36,high_stress
php_00419,rose,greenhouse,autumn,93.7,43.5,1.975,969.1,20.22,72,85.4,22.9,62,moderate_stress
php_00420,mint,greenhouse,autumn,83.3,81.7,0.603,881.7,19.65,534,37,20.5,75,moderate_stress
php_00421,snake_plant,shade_house,summer,88.9,69.3,0.732,786.3,20.68,311,29.5,14.1,47,high_stress
php_00422,rose,greenhouse,winter,40.9,46.6,1.175,705.8,19.14,439,38.5,33.6,54,high_stress
php_00423,tomato,greenhouse,summer,31.2,82.2,1.142,1209.2,18.47,249,42.1,24.7,38,high_stress
php_00424,pothos,shade_house,spring,74.1,41.9,0.146,657.8,19.71,53,48.4,17.5,90,healthy
php_00425,pothos,shade_house,spring,93.1,26.7,2.141,1239,20.48,106,21.2,18,36,high_stress
php_00426,basil,garden,monsoon,60,85.8,0.893,1118.4,18.26,545,66,15.2,54,high_stress
php_00427,basil,indoor,monsoon,91.5,43.6,1.704,870.5,21.25,293,59.9,25,70,moderate_stress
php_00428,rose,garden,autumn,47.7,53.7,0.228,1059.7,21,144,90.5,9.6,78,moderate_stress
php_00429,tomato,greenhouse,spring,61.1,55.1,2.245,1190.5,20.76,566,46.4,26.6,72,moderate_stress
php_00430,mint,greenhouse,monsoon,57.2,14.2,1.386,358.9,19.3,906,83.3,13.3,45,high_stress
php_00431,aloe_vera,arid_garden,autumn,72.4,71.6,2.43,1084.8,19.39,993,29.8,25.2,22,high_stress
php_00432,pothos,indoor,spring,89.3,57,0.911,557.4,18.52,388,56.2,17.6,70,moderate_stress
php_00433,tomato,garden,summer,53.9,74.5,0.398,671.5,19.58,737,70.4,36.2,75,moderate_stress
php_00434,basil,greenhouse,summer,71.5,23.8,1.956,389,20.85,33,44.4,10.2,36,high_stress
php_00435,tomato,greenhouse,monsoon,33.4,45.6,0.881,422.6,21.22,631,55.2,27.8,85,healthy
php_00436,basil,indoor,winter,83.3,43.5,1.48,794.9,18.3,446,44.4,33.3,48,high_stress
php_00437,aloe_vera,arid_garden,autumn,37.9,65.6,1.235,572.5,20.44,602,38.6,21.2,56,moderate_stress
php_00438,rose,greenhouse,summer,34.1,68.6,1.361,1025.9,18.84,462,77.1,10.4,57,moderate_stress
php_00439,aloe_vera,arid_garden,summer,67,66.9,1.377,815.1,18.55,877,67.4,19.7,52,high_stress
php_00440,snake_plant,shade_house,monsoon,36.3,51.3,0.909,553,19.94,993,55.5,32.5,65,moderate_stress
php_00441,lettuce,greenhouse,autumn,70.8,64.6,0.129,1206.5,21.34,1019,51.7,37,49,high_stress
php_00442,pothos,shade_house,summer,91.1,23.5,0.785,344.7,18.72,744,98.1,24.1,59,moderate_stress
php_00443,basil,indoor,winter,70,43.7,0.467,597.3,18.64,766,80.1,15.4,83,healthy
php_00444,lettuce,greenhouse,summer,56,78.1,0.832,751.9,18.83,678,86.3,18.1,84,healthy
php_00445,aloe_vera,indoor,summer,73,76.2,1.172,871,20.38,677,60.3,23.1,60,moderate_stress
php_00446,lettuce,greenhouse,winter,30.1,89.5,1.803,600.8,21.22,352,67.9,20.2,69,moderate_stress
php_00447,rose,greenhouse,monsoon,67,14.1,2.398,430.3,20.06,612,44.5,10.4,45,high_stress
php_00448,lettuce,greenhouse,autumn,53.4,75.5,1.008,1173,18.31,1022,64.7,33.1,47,high_stress
php_00449,lettuce,hydroponic,summer,81.8,68,0.135,851.1,21.3,1001,40,26.2,77,moderate_stress
php_00450,tomato,garden,summer,86.9,50.2,1.853,352.8,21.35,610,85.8,29.3,81,healthy
php_00451,rose,garden,spring,51,58.8,2.085,943.6,18.27,950,24.4,23.4,41,high_stress
php_00452,basil,greenhouse,monsoon,66,26.7,2.295,862.3,18.77,405,25.2,24,31,high_stress
php_00453,rose,garden,spring,92,48,2.442,1221.5,19.27,132,86.6,33.5,36,high_stress
php_00454,pothos,shade_house,spring,26.7,86.6,2.202,384.4,20.5,657,84.9,36.9,32,high_stress
php_00455,snake_plant,indoor,winter,30.5,50.2,0.577,377.9,21.06,490,51.4,20.7,83,healthy
php_00456,basil,garden,autumn,29.8,22.7,2.115,372.3,19.93,947,43.2,33.7,39,high_stress
php_00457,mint,garden,winter,34.3,59.1,1.134,1249.4,19.62,807,31,15.7,59,moderate_stress
php_00458,pothos,shade_house,spring,88.7,34.3,0.919,427.5,18.89,370,87.2,26.6,79,moderate_stress
php_00459,snake_plant,indoor,monsoon,77.4,57,0.526,507.3,21.17,1018,59.5,18.2,66,moderate_stress
php_00460,pothos,indoor,autumn,33.2,11.3,2.422,1244.7,19.75,510,91,34.7,37,high_stress
php_00461,mint,garden,summer,29.9,10,2.342,716.5,20.36,371,94,29.9,38,high_stress
php_00462,rose,greenhouse,summer,67.2,34.3,0.838,484.4,21.07,293,58.5,23.2,84,healthy
php_00463,snake_plant,indoor,autumn,28.8,11.2,1.658,602,18.32,384,60.1,35.3,54,high_stress
php_00464,snake_plant,shade_house,summer,88.8,38.4,0.175,892.9,20.05,573,51.8,32.3,78,moderate_stress
php_00465,snake_plant,shade_house,monsoon,92.8,80.4,0.754,1242.2,21.02,641,21.8,23.3,16,high_stress
php_00466,snake_plant,shade_house,spring,49.5,35.9,0.032,1230.1,18.45,592,83.4,15.5,77,moderate_stress
php_00467,aloe_vera,arid_garden,autumn,87.3,31.1,1.24,590.8,21.48,384,77.6,17.4,85,healthy
php_00468,snake_plant,indoor,spring,42.5,78.1,0.302,364.5,18.87,217,55.2,17.4,63,moderate_stress
php_00469,aloe_vera,indoor,summer,38.9,59.3,0.084,1165.4,18.32,893,60.5,25.7,62,moderate_stress
php_00470,snake_plant,shade_house,autumn,49.1,37.1,2.279,735.4,21.2,986,60.4,30.2,69,moderate_stress
php_00471,rose,greenhouse,monsoon,39.5,87.9,2.05,543.6,21.46,740,83.6,29.7,52,high_stress
php_00472,aloe_vera,indoor,autumn,35.4,28.4,1.173,1063.6,19.32,30,92.3,10.3,54,high_stress
php_00473,tomato,garden,monsoon,86.1,78.4,1.041,547.4,18.33,782,91,13.1,56,moderate_stress
php_00474,rose,greenhouse,summer,53,80.2,0.031,388.6,21,684,36.7,24.1,70,moderate_stress
php_00475,tomato,greenhouse,winter,63.1,82.8,0.345,1073.8,19.55,31,92.6,29.6,71,moderate_stress
php_00476,basil,garden,winter,67.9,33.6,0.065,553.7,18.67,66,30.4,13,42,high_stress
php_00477,tomato,greenhouse,summer,73.4,32.7,1.796,654.3,18.97,277,44.8,10.4,34,high_stress
php_00478,pothos,shade_house,summer,69.5,82.4,2.383,698.8,19.63,316,63.5,17.9,54,high_stress
php_00479,basil,greenhouse,winter,84.2,87.9,1.329,980.8,19.93,594,96.3,30.6,62,moderate_stress
php_00480,mint,indoor,monsoon,46.9,69.1,1.133,1240,20.5,769,28.1,23,63,moderate_stress
php_00481,snake_plant,shade_house,monsoon,60.1,67.4,0.952,679.6,18.86,594,78.1,15.1,53,high_stress
php_00482,mint,greenhouse,winter,37.2,76.2,0.543,777.7,21.39,872,50.6,19,80,healthy
php_00483,basil,greenhouse,winter,31.4,12.9,2.122,412.6,18.7,522,79.3,24.7,35,high_stress
php_00484,snake_plant,indoor,summer,41,18.8,0.879,651.6,20.5,927,70.4,15.9,83,healthy
php_00485,mint,garden,winter,28.7,81,0.516,906.4,19.56,162,27.4,9.9,49,high_stress
php_00486,tomato,greenhouse,summer,79.9,41.2,0.798,582.9,18.85,662,21.9,34.7,53,high_stress
php_00487,lettuce,greenhouse,summer,90.8,10,2.23,348.3,19.35,548,33.7,25.9,21,high_stress
php_00488,mint,greenhouse,winter,51.3,79.2,1.118,1044.6,18.58,592,63.6,19,76,moderate_stress
php_00489,mint,greenhouse,spring,70.1,47.7,1.362,350.3,21.29,514,64,35.7,64,moderate_stress
php_00490,mint,indoor,winter,70.6,62,2.485,399.4,18.21,220,50,25.4,50,high_stress
php_00491,lettuce,hydroponic,summer,63,58.9,1.514,1160.4,18.55,1008,54,23.3,61,moderate_stress
php_00492,rose,greenhouse,spring,58.8,17.1,1.951,604.1,21.22,1014,90.3,34.1,53,high_stress
php_00493,tomato,garden,winter,86,12.8,1.201,841.6,18.59,276,69.6,25.6,43,high_stress
php_00494,pothos,indoor,autumn,93.2,77.9,0.959,1243,18.51,257,31.1,37.7,15,high_stress
php_00495,aloe_vera,arid_garden,summer,31.6,43.7,0.657,1177.8,18.32,784,32.6,24.4,52,high_stress
php_00496,tomato,garden,monsoon,72.5,65.8,2.23,1207,20.55,608,24.5,20.7,53,high_stress
php_00497,rose,greenhouse,spring,43.3,87.3,0.055,987.9,19.04,61,50.9,27.1,46,high_stress
php_00498,tomato,greenhouse,summer,76.1,41.2,0.562,662.2,20.44,602,20.7,37.3,58,moderate_stress
php_00499,lettuce,hydroponic,summer,65.9,75.4,1.632,767.4,18.39,222,74.2,37.6,43,high_stress
php_00500,rose,garden,autumn,38,18.4,0.029,544.2,19.81,852,26.5,29.2,50,high_stress
php_00501,mint,indoor,monsoon,90.8,32.8,0.719,1176.8,19.18,427,74.4,35.7,39,high_stress
php_00502,pothos,shade_house,spring,46,76.3,0.091,501,18.74,143,87.8,12.5,67,moderate_stress
php_00503,lettuce,hydroponic,autumn,60.8,77.3,0.675,897.8,18.45,75,31.1,26.2,47,high_stress
php_00504,aloe_vera,indoor,spring,92.6,42.5,0.61,803.3,19.02,265,77.9,33.9,65,moderate_stress
php_00505,rose,greenhouse,autumn,54.5,76.3,1.733,1217.8,19.96,819,42.1,37.7,39,high_stress
php_00506,pothos,shade_house,winter,38.1,64.7,0.768,861.6,21,739,90.3,17,86,healthy
php_00507,mint,garden,spring,61.1,25.6,1.248,780.6,20.44,450,78.5,10.6,63,moderate_stress
php_00508,basil,greenhouse,autumn,60.3,18.9,1.897,791.4,20.65,303,76.6,36.4,40,high_stress
php_00509,lettuce,hydroponic,winter,36.7,85.4,0.351,745.6,19.12,500,25.7,23.9,62,moderate_stress
php_00510,aloe_vera,arid_garden,winter,74,49.6,1.708,506.1,20.14,200,89.9,33.3,68,moderate_stress
php_00511,aloe_vera,arid_garden,winter,32,26.3,2.013,1033.8,20.92,744,88.6,22.3,83,healthy
php_00512,lettuce,hydroponic,monsoon,51.4,29.1,2.438,936.8,18.62,330,92,18.3,48,high_stress
php_00513,mint,garden,monsoon,50.1,54.7,0.51,542,20.03,476,42.2,32,81,healthy
php_00514,rose,garden,winter,71.4,67,0.388,940,19.88,177,47.1,15.5,82,healthy
php_00515,mint,greenhouse,summer,45.2,64,2.299,403.9,19.95,579,46.8,26.4,74,moderate_stress
php_00516,lettuce,hydroponic,autumn,27.2,21.3,1.88,932.4,20.36,542,59.5,14.6,58,moderate_stress
php_00517,pothos,shade_house,summer,64.7,19,0.796,1098.7,20.8,455,68.7,10.3,58,moderate_stress
php_00518,lettuce,greenhouse,autumn,29.5,58.5,0.614,374,20.45,135,76.4,22.9,78,moderate_stress
php_00519,rose,garden,winter,50,78.9,0.067,768.2,20.01,725,65.7,24.9,91,healthy
php_00520,pothos,shade_house,summer,53.9,52,1.433,1057.5,19.46,903,36.2,36.9,39,high_stress
php_00521,snake_plant,indoor,monsoon,55.5,48.3,2.415,1179.7,19.8,771,57.3,10.6,51,high_stress
php_00522,basil,garden,winter,76.4,29.9,0.494,566.7,20.85,275,61,22.6,81,healthy
php_00523,basil,indoor,spring,58.7,43.7,2.385,1097.9,18.42,70,80.5,10.1,36,high_stress
php_00524,mint,indoor,autumn,74.5,34.5,1.842,740.8,20.96,96,55.3,26.2,64,moderate_stress
php_00525,mint,greenhouse,monsoon,49.7,78.1,2.163,983.6,21.29,334,30,21.1,59,moderate_stress
php_00526,pothos,indoor,monsoon,33.4,46.8,0.401,787.3,21.18,478,68,22.9,100,healthy
php_00527,pothos,indoor,summer,56.5,40.3,0.893,620,19.49,512,24,37.3,49,high_stress
php_00528,mint,greenhouse,spring,93.9,61.9,1.354,802.4,20.52,423,61.3,16.3,84,healthy
php_00529,pothos,shade_house,winter,36.5,68.8,0.392,706.6,21.12,542,94.3,10.1,69,moderate_stress
php_00530,snake_plant,indoor,autumn,83.8,64.7,0.947,977.9,18.23,239,43.1,26.4,47,high_stress
php_00531,mint,greenhouse,autumn,48.4,8.8,2.273,1060.3,20.28,946,81.8,28.2,31,high_stress
php_00532,pothos,shade_house,monsoon,88.6,74,1.187,1096.8,19.96,794,85.2,27.1,60,moderate_stress
php_00533,basil,garden,summer,83.2,82.7,1.478,944.5,18.96,253,57.4,28.5,56,moderate_stress
php_00534,pothos,indoor,winter,60.9,88.2,0.949,1235.8,21.02,597,66.2,13.2,47,high_stress
php_00535,aloe_vera,indoor,winter,37.9,70.4,1.215,605.4,19.5,178,66.8,24,46,high_stress
php_00536,basil,garden,monsoon,54.1,16,0.998,915.1,19.55,635,99.3,17,62,moderate_stress
php_00537,rose,greenhouse,summer,37.9,32,1.795,335.6,20.52,688,81.7,13.3,77,moderate_stress
php_00538,tomato,garden,spring,47.7,83.9,0.399,376.4,20.01,94,45.6,13.7,55,moderate_stress
php_00539,lettuce,hydroponic,spring,74.3,30.4,0.89,745.6,19.72,837,74.7,18.1,69,moderate_stress
php_00540,snake_plant,shade_house,winter,52.1,79.6,1.854,1227.7,20.33,820,32,16.9,23,high_stress
php_00541,pothos,indoor,autumn,59.5,84.9,0.179,562.7,20.06,406,59.8,10.7,67,moderate_stress
php_00542,mint,indoor,autumn,79.6,57.3,0.93,935.7,19.11,679,53.9,32.3,70,moderate_stress
php_00543,rose,garden,summer,93.4,28.4,0.917,1157.2,19.8,373,98.4,30.2,59,moderate_stress
php_00544,snake_plant,indoor,spring,51.3,41.9,1.7,486.4,19.74,630,23.4,22.7,53,high_stress
php_00545,mint,greenhouse,spring,44.8,85.5,0.898,1236.3,19.13,203,29.2,9.1,36,high_stress
php_00546,aloe_vera,indoor,autumn,53,47.5,1.29,372.3,21.44,688,22.1,30,61,moderate_stress
php_00547,basil,indoor,monsoon,33.6,42.3,0.331,1025.2,20.44,927,43.8,28.3,80,healthy
php_00548,tomato,greenhouse,autumn,43.4,79.7,0.827,547.6,20.52,669,39.5,8.8,52,high_stress
php_00549,rose,garden,winter,89.4,40.9,1.62,1216.3,18.94,74,27.5,12.2,30,high_stress
php_00550,snake_plant,shade_house,monsoon,49.7,40.4,0.303,670.5,18.36,744,75.3,27.6,74,moderate_stress
php_00551,tomato,garden,autumn,90.6,46.1,0.551,365.4,19.81,332,64.3,32.6,84,healthy
php_00552,snake_plant,shade_house,summer,91.1,27.4,2.338,633.9,19.76,818,48,30.9,49,high_stress
php_00553,pothos,indoor,summer,52.4,34.6,1.384,855.3,19.35,142,27.6,22.4,62,moderate_stress
php_00554,mint,indoor,summer,38.6,45.1,2.347,462.3,18.22,713,67.4,29.2,52,high_stress
php_00555,mint,garden,spring,74.7,87.4,0.852,427.3,19.19,988,95.6,8.4,58,moderate_stress
php_00556,mint,greenhouse,autumn,30,26.9,0.123,497.4,21.1,170,32.8,29.5,43,high_stress
php_00557,lettuce,hydroponic,monsoon,86.7,56.6,1.067,560.3,21.12,599,32.1,23.5,77,moderate_stress
php_00558,pothos,shade_house,spring,61.8,89.2,0.316,950.4,18.85,639,75.9,34.8,39,high_stress
php_00559,rose,greenhouse,autumn,79.3,36.2,1.331,416.5,18.58,861,31.3,28.9,60,moderate_stress
php_00560,basil,indoor,monsoon,68.3,31,1.824,821.9,20.44,942,89,22.8,76,moderate_stress
php_00561,pothos,indoor,autumn,65.4,80.8,1.353,1195.9,18.28,647,89,24.3,49,high_stress
php_00562,basil,garden,autumn,74.2,49.4,1.09,790.1,19.75,677,97.5,23.9,92,healthy
php_00563,rose,greenhouse,spring,45.2,71.5,0.876,657.1,18.98,374,57.5,19,76,moderate_stress
php_00564,pothos,shade_house,spring,75.2,44.2,1.804,865.1,21.47,468,38.2,29.6,62,moderate_stress
php_00565,pothos,shade_house,autumn,43.6,59.7,0.702,806.4,20.22,423,66.3,11.3,87,healthy
php_00566,tomato,garden,winter,60.9,56.6,1.007,1092.3,21.1,41,62.3,28.3,76,moderate_stress
php_00567,rose,garden,summer,84.3,20.5,0.135,1154.2,21.38,358,27.6,37.8,30,high_stress
php_00568,rose,greenhouse,spring,42.3,35.5,1.613,701.7,21.39,77,83.3,22.9,70,moderate_stress
php_00569,tomato,greenhouse,spring,29.3,83.4,0.818,538.5,20.92,941,66.9,22,77,moderate_stress
php_00570,pothos,shade_house,winter,83.7,80.7,1.326,1226,19.36,914,89.7,25.4,41,high_stress
php_00571,pothos,shade_house,autumn,43.9,9.2,1.987,1076.5,19.13,997,38,22,21,high_stress
php_00572,rose,garden,summer,62.3,15.2,0.465,705.4,19.83,60,23.4,32.8,30,high_stress
php_00573,aloe_vera,indoor,spring,31.2,46.1,2.12,443.5,21.06,51,44,8.1,33,high_stress
php_00574,pothos,indoor,autumn,53.5,89.3,1.202,1060.4,19.51,442,22.5,11.1,21,high_stress
php_00575,snake_plant,shade_house,autumn,37,47.6,2.006,998.9,19.95,774,42.5,9.1,46,high_stress
php_00576,basil,greenhouse,monsoon,30.8,30,0.698,1031.6,21.05,605,69.1,9.5,60,moderate_stress
php_00577,tomato,garden,summer,37.2,51.5,1.706,800.2,20.35,327,55.9,28.6,75,moderate_stress
php_00578,snake_plant,indoor,spring,52.7,42.7,0.65,447.6,20.77,599,82.5,13.4,82,healthy
php_00579,rose,garden,autumn,75.8,24.1,1.434,544.5,18.6,380,27.3,30.3,33,high_stress
php_00580,mint,greenhouse,spring,39.6,75.7,0.746,1099.8,19.79,742,57.2,16.8,88,healthy
php_00581,rose,greenhouse,spring,61.3,79.4,1.329,677,19.83,65,40.7,22.8,53,high_stress
php_00582,mint,garden,autumn,38.5,52.9,1.017,545.3,18.86,185,85.5,14.8,78,moderate_stress
php_00583,tomato,garden,monsoon,50.5,28.9,0.149,627.8,18.85,664,26.4,33.8,46,high_stress
php_00584,mint,indoor,winter,78.3,10.1,0.609,916.5,19.97,266,25.9,34.6,21,high_stress
php_00585,lettuce,hydroponic,monsoon,53.9,62.4,0.359,1095,20.83,172,71.8,33.5,68,moderate_stress
php_00586,tomato,greenhouse,spring,28,50.4,0.448,539.1,18.24,719,95.8,26.2,80,healthy
php_00587,rose,greenhouse,autumn,52.2,20.5,2.132,1096.7,19.31,590,56.4,17.8,52,high_stress
php_00588,pothos,indoor,autumn,82.3,39.9,2.321,556.9,20.49,668,69.7,32.7,60,moderate_stress
php_00589,aloe_vera,arid_garden,spring,86.3,45.1,1.254,829.6,20.62,133,52.7,10.2,55,moderate_stress
php_00590,rose,greenhouse,monsoon,76.5,24.9,1.857,804.8,21.07,421,41.9,9.5,51,high_stress
php_00591,aloe_vera,indoor,winter,75.6,66.8,0.936,1135.2,18.98,149,51.4,13.8,34,high_stress
php_00592,lettuce,greenhouse,winter,49.1,59.8,0.418,568.4,20.8,107,34.5,13.5,80,healthy
php_00593,pothos,indoor,winter,54,14.9,0.031,493.8,21.32,927,51.9,32.1,61,moderate_stress
php_00594,snake_plant,shade_house,winter,49,20.3,0.894,551.6,19.7,106,50.7,10.9,75,moderate_stress
php_00595,rose,garden,autumn,66.4,11.9,0.157,585.8,19.51,299,37.9,9.6,44,high_stress
php_00596,snake_plant,indoor,winter,85.6,56.7,2.407,532,19.87,302,92.3,25.2,59,moderate_stress
php_00597,rose,greenhouse,autumn,68.4,60.7,1.731,1100.4,18.91,993,77.9,21.4,69,moderate_stress
php_00598,rose,garden,monsoon,82.1,47.8,1.416,983.6,18.64,144,63.2,24,68,moderate_stress
php_00599,basil,greenhouse,spring,37.9,44.8,1.401,352.1,20.89,917,70.3,22.4,86,healthy
php_00600,rose,garden,spring,41.7,23.4,1.734,386,18.43,507,36.8,25.2,40,high_stress
php_00601,snake_plant,shade_house,summer,90.8,40,0.891,784.4,18.77,141,94.4,26,74,moderate_stress
php_00602,rose,garden,monsoon,78.6,80.3,0.952,1103.1,20.37,399,89.3,33,59,moderate_stress
php_00603,tomato,greenhouse,autumn,49.1,38.5,2.252,961.2,20.39,737,85.5,22,74,moderate_stress
php_00604,tomato,garden,autumn,40.6,35.1,0.757,827.4,21.29,434,97.6,12.8,69,moderate_stress
php_00605,tomato,greenhouse,monsoon,48.4,65.6,2.012,725.7,21.37,481,35.2,23.4,63,moderate_stress
php_00606,rose,greenhouse,spring,31.8,47.7,1.176,872.9,21.01,164,62.5,25.7,70,moderate_stress
php_00607,mint,greenhouse,winter,45.5,36.9,1.743,1126.4,21.45,265,77.7,33.7,48,high_stress
php_00608,rose,garden,spring,43.4,79.9,1.207,955.1,19.76,185,76,12.4,60,moderate_stress
php_00609,tomato,greenhouse,summer,89.2,8.6,0.025,951.5,21.3,405,59.1,22.8,57,moderate_stress
php_00610,lettuce,greenhouse,summer,72.1,77.6,0.873,698.6,19.19,88,95.2,36.6,53,high_stress
php_00611,mint,indoor,summer,44.1,85.5,0.822,909.5,19.46,729,34,32,52,high_stress
php_00612,mint,garden,winter,34.5,54.5,2.165,512.1,20.33,195,79.5,27.2,80,healthy
php_00613,rose,garden,summer,76.9,67.1,0.763,738.7,19.44,483,85,19.3,83,healthy
php_00614,rose,greenhouse,summer,32.2,80.1,1.409,911.2,18.31,127,93.8,10.5,35,high_stress
php_00615,mint,indoor,autumn,43.5,62.4,0.324,1203.1,20.49,37,28.9,13.1,60,moderate_stress
php_00616,tomato,greenhouse,winter,68.7,86.4,0.524,1208.1,20.57,172,56.7,21.4,72,moderate_stress
php_00617,rose,garden,winter,52.9,23.3,1.428,856.5,18.56,418,46.9,36.1,36,high_stress
php_00618,rose,greenhouse,autumn,46.1,70.9,2.199,1249.7,18.91,472,93.3,24.6,50,high_stress
php_00619,basil,greenhouse,winter,70.5,83,1.437,453.7,20.5,668,79.7,8.2,60,moderate_stress
php_00620,mint,indoor,monsoon,43.2,37,1.463,682.1,21.26,32,53,24.1,66,moderate_stress
php_00621,pothos,indoor,summer,76.2,58.3,1.062,1209.2,19.07,976,68.7,18.4,56,moderate_stress
php_00622,lettuce,greenhouse,winter,44.6,83.9,1.176,343.6,20.93,500,32.6,32.9,47,high_stress
php_00623,lettuce,hydroponic,autumn,90.2,85.2,1.172,583.7,20.77,664,81,36.9,49,high_stress
php_00624,tomato,greenhouse,autumn,89.6,70.5,1.413,1184.6,18.8,830,64.6,22,72,moderate_stress
php_00625,basil,greenhouse,summer,64.3,8.9,1.013,1238,21.24,941,79.8,25.8,57,moderate_stress
php_00626,snake_plant,shade_house,winter,78.9,84.4,0.261,715.2,19.4,692,89.6,28.3,49,high_stress
php_00627,tomato,garden,monsoon,53.4,70,0.331,954,20.31,527,60.1,29.9,91,healthy
php_00628,tomato,greenhouse,summer,69.7,74.9,1.024,780.3,20.6,721,54.5,32.6,88,healthy
php_00629,mint,indoor,monsoon,47.2,18.4,0.404,1244.1,20.89,31,69.2,36.1,43,high_stress
php_00630,rose,greenhouse,autumn,91.7,45.5,0.828,902.2,19.91,589,55.7,26.2,88,healthy
php_00631,aloe_vera,arid_garden,winter,81.4,14.4,1.477,606.8,21.39,173,31.9,22.6,66,moderate_stress
php_00632,lettuce,hydroponic,spring,36.5,66.3,0.638,1110.7,21.07,863,46.7,27.4,74,moderate_stress
php_00633,mint,indoor,autumn,77.3,39.8,1.605,951.1,18.25,825,21.2,17.8,28,high_stress
php_00634,snake_plant,shade_house,spring,34.1,25.5,1.678,460.5,21.04,713,71.3,17.5,81,healthy
php_00635,tomato,garden,winter,31.3,30.4,1.901,507.5,18.63,855,93.8,17.8,59,moderate_stress
php_00636,aloe_vera,indoor,winter,75,20.7,0.757,436.4,20.26,384,61.6,35.3,90,healthy
php_00637,lettuce,hydroponic,autumn,69.6,76.3,0.696,827.2,20.23,758,90.3,33.8,78,moderate_stress
php_00638,snake_plant,indoor,winter,50.6,80.4,2.003,366.1,19.97,520,80.8,11.9,37,high_stress
php_00639,aloe_vera,indoor,autumn,25.7,31.7,1.594,1187.9,21.08,142,40.9,28.9,59,moderate_stress
php_00640,snake_plant,indoor,monsoon,73.5,32.2,0.006,479.7,19.63,294,51.1,34.9,81,healthy
php_00641,mint,indoor,spring,55.9,12.4,0.443,648,19.59,989,55.9,14,53,high_stress
php_00642,snake_plant,shade_house,summer,43.8,13.1,1.859,658,21.33,327,87.1,20.9,77,moderate_stress
php_00643,tomato,greenhouse,summer,86.8,56.9,1.21,388,21.45,787,20.8,33.3,53,high_stress
php_00644,rose,garden,winter,47,61.8,0.611,387.1,20.97,446,73.2,28.6,92,healthy
php_00645,snake_plant,indoor,summer,25.8,18.9,0.76,819,20.3,388,57.4,9,76,moderate_stress
php_00646,rose,garden,autumn,66.8,23.9,0.13,840.9,19.67,250,87.1,10.6,70,moderate_stress
php_00647,tomato,greenhouse,monsoon,45.2,18,0.042,819.2,18.22,740,68.7,15.4,53,high_stress
php_00648,tomato,garden,monsoon,46.7,14.9,1.361,811.6,18.76,464,67.4,24.9,51,high_stress
php_00649,snake_plant,shade_house,autumn,42.5,55.2,1.682,937.8,20.03,438,49.6,22.6,69,moderate_stress
php_00650,rose,greenhouse,autumn,25.5,49.6,0.001,1207.1,18.25,150,86.6,35.5,44,high_stress
php_00651,basil,indoor,summer,70.8,23.3,1.484,446.2,21.18,34,42.4,9.3,26,high_stress
php_00652,basil,greenhouse,summer,69.5,63.7,0.577,635.7,18.97,674,29.4,22.3,66,moderate_stress
php_00653,snake_plant,indoor,summer,83.8,29,1.332,1117,18.99,204,57.1,25.4,67,moderate_stress
php_00654,rose,greenhouse,summer,71.4,86.3,1.926,479.4,21.38,557,35.2,11.1,44,high_stress
php_00655,aloe_vera,arid_garden,spring,30,44.8,1.004,1169.9,20.73,723,37.1,22.8,61,moderate_stress
php_00656,mint,indoor,summer,36.3,67.9,1.585,1053.4,18.21,60,26.3,21.8,39,high_stress
php_00657,lettuce,greenhouse,winter,89.2,36.5,1.39,546.3,18.94,245,29.6,27.6,32,high_stress
php_00658,rose,garden,monsoon,27.4,20.6,1.592,813.7,20.17,627,81.1,27.1,71,moderate_stress
php_00659,basil,indoor,spring,85.3,76.2,1.612,949.8,19.79,864,80.8,19.7,72,moderate_stress
php_00660,basil,greenhouse,summer,46.4,62.2,0.682,452.7,19.21,167,51.5,10.1,52,high_stress
php_00661,mint,garden,autumn,76.4,29.4,0.061,655.5,18.8,569,96.9,32.6,58,moderate_stress
php_00662,mint,greenhouse,monsoon,56.8,33.8,0.396,841.2,21.28,63,26.5,30.8,51,high_stress
php_00663,rose,garden,monsoon,52.5,46.7,1.828,646.2,19.66,413,69.1,23.2,79,moderate_stress
php_00664,mint,indoor,summer,80.2,86.6,0.102,338.7,19.88,82,39.8,33.1,52,high_stress
php_00665,aloe_vera,arid_garden,monsoon,50.9,56.3,0.047,916.4,20.28,567,24.1,19.5,57,moderate_stress
php_00666,basil,indoor,monsoon,89.7,23.3,0.907,671,19.39,47,62.6,20,55,moderate_stress
php_00667,basil,garden,winter,69.5,61.1,1.149,743.2,18.88,165,100,9.2,52,high_stress
php_00668,tomato,greenhouse,autumn,46.3,17.7,0.991,1135.4,18.88,336,42.2,28.9,35,high_stress
php_00669,aloe_vera,arid_garden,winter,53.2,10.7,1.512,1085.7,20.21,935,26.1,16.6,60,moderate_stress
php_00670,mint,garden,monsoon,77,89.5,2.338,452.8,19.34,199,64.2,26,64,moderate_stress
php_00671,snake_plant,shade_house,autumn,91.4,67.2,0.524,830.9,18.9,707,89.1,9.3,42,high_stress
php_00672,aloe_vera,indoor,autumn,36.4,55.2,1.372,748.4,21.18,862,81.1,20.4,80,healthy
php_00673,tomato,garden,monsoon,68.3,36.7,0.051,687.6,19.4,642,63,24.5,89,healthy
php_00674,lettuce,hydroponic,autumn,38.4,38.2,1.011,778.9,18.58,500,84.9,37.1,37,high_stress
php_00675,rose,garden,summer,76,14.5,0.314,927.9,19.69,362,24.7,33.9,37,high_stress
php_00676,lettuce,hydroponic,spring,27,61,1.613,487.7,20.55,931,85.3,9.4,72,moderate_stress
php_00677,basil,garden,spring,73.2,31.4,2.162,335.8,18.37,829,94.8,29.2,61,moderate_stress
php_00678,snake_plant,shade_house,winter,40.4,32.2,0.834,1247.3,19.31,237,52.3,11.3,67,moderate_stress
php_00679,pothos,shade_house,spring,31.4,12.8,0.767,963.8,18.7,97,62.6,25.4,64,moderate_stress
php_00680,aloe_vera,arid_garden,spring,65.8,46.1,2.396,869.8,18.32,81,64.7,18.7,52,high_stress
php_00681,aloe_vera,indoor,autumn,84.5,49.8,0.711,1216.5,19.54,783,96.9,15.1,60,moderate_stress
php_00682,pothos,indoor,winter,36.9,11.3,1.258,864,20.89,924,22.7,9.8,15,high_stress
php_00683,pothos,shade_house,autumn,63.3,81.6,2.487,1182,19.79,481,61.2,21,54,high_stress
php_00684,tomato,greenhouse,monsoon,42.2,83.3,0.19,1100.6,19.03,43,45.9,15.9,42,high_stress
php_00685,lettuce,hydroponic,monsoon,67.5,53.9,0.404,890.7,19.65,849,74.6,8.3,86,healthy
php_00686,basil,garden,spring,54.8,16.1,0.258,1205.2,18.78,275,36.3,30,35,high_stress
php_00687,lettuce,greenhouse,monsoon,77.5,62.6,1.898,701.7,18.92,628,76.5,16.4,75,moderate_stress
php_00688,snake_plant,shade_house,spring,80.4,56.2,0.214,397.5,19.53,707,86.4,16.4,70,moderate_stress
php_00689,pothos,indoor,monsoon,52.7,71.4,0.751,1056.6,18.62,385,78.1,29.8,67,moderate_stress
php_00690,mint,indoor,summer,34,17.9,2.291,380,20.02,90,52,18.4,39,high_stress
php_00691,mint,garden,autumn,34.3,24.7,1.716,680.8,19.69,124,57.1,8.6,36,high_stress
php_00692,tomato,garden,winter,34.5,64.1,1.908,1152.2,21.13,60,50.3,36.3,46,high_stress
php_00693,aloe_vera,indoor,monsoon,45.5,26.6,1.543,592.2,18.5,678,58.1,18.3,77,moderate_stress
php_00694,aloe_vera,indoor,summer,82.5,78.6,1.273,793.3,19.1,236,42.8,34,28,high_stress
php_00695,mint,greenhouse,summer,65,12.8,1.419,1038.1,19.07,947,98.9,8.8,26,high_stress
php_00696,lettuce,hydroponic,summer,88,88.8,1.903,1052.8,18.67,79,23.1,15.8,26,high_stress
php_00697,pothos,indoor,autumn,73.5,63.3,0.81,558,19.16,908,40,23.4,59,moderate_stress
php_00698,aloe_vera,indoor,summer,40,16.8,1.042,347.5,20.04,568,90.2,21.4,94,healthy
php_00699,lettuce,hydroponic,monsoon,36.1,42.9,0.211,856.1,19.57,459,60.8,26,80,healthy
php_00700,aloe_vera,arid_garden,summer,42.4,71.4,1.989,847,19.28,717,86.3,12,31,high_stress
php_00701,aloe_vera,indoor,autumn,26.7,47.7,0.299,919.1,20.54,76,59.5,9.1,58,moderate_stress
php_00702,snake_plant,indoor,winter,78.2,58.9,0.831,1125.7,18.81,868,79.7,33.8,44,high_stress
php_00703,basil,indoor,autumn,80.2,14.7,2.497,623.4,18.31,276,59,19.8,34,high_stress
php_00704,tomato,greenhouse,summer,54.4,71.5,2.082,1063.8,18.28,826,93,32.5,64,moderate_stress
php_00705,lettuce,hydroponic,monsoon,50.3,55.2,0.939,948,18.36,909,97.3,16.5,73,moderate_stress
php_00706,mint,indoor,winter,57.6,14,0.732,593.9,18.87,786,35.7,36.2,24,high_stress
php_00707,tomato,greenhouse,summer,91,34.4,0.847,796.9,19.21,251,82.5,33.6,55,moderate_stress
php_00708,aloe_vera,arid_garden,spring,62.5,15.6,0.696,576.6,21.22,89,82.5,18.1,91,healthy
php_00709,lettuce,greenhouse,autumn,39.9,37.4,0.808,547,19.51,867,94,27.1,68,moderate_stress
php_00710,mint,garden,spring,58.2,89.1,2.172,1203.3,20.19,764,56.3,8.5,55,moderate_stress
php_00711,tomato,greenhouse,winter,46.8,82.1,1.465,364.9,18.72,395,87.5,27.9,64,moderate_stress
php_00712,rose,garden,winter,41.3,20.4,0.408,685.5,19.75,938,55.6,36.1,55,moderate_stress
php_00713,lettuce,hydroponic,spring,34.1,62.7,0.605,650.6,21.31,1010,45.7,35.9,51,high_stress
php_00714,lettuce,greenhouse,autumn,81.9,63.3,0.872,673.3,18.23,987,88.4,18.7,72,moderate_stress
php_00715,aloe_vera,indoor,autumn,58.3,88,2.161,928.9,21.34,821,93.3,12.9,27,high_stress
php_00716,tomato,greenhouse,monsoon,49.2,59.5,0.829,919.6,20.3,550,69.3,23.3,89,healthy
php_00717,mint,greenhouse,autumn,54.9,65.7,1.617,868.3,20.31,980,98.1,34.6,63,moderate_stress
php_00718,aloe_vera,indoor,spring,31,21.1,2.325,673.6,19.4,327,22.9,25.7,42,high_stress
php_00719,aloe_vera,indoor,winter,70.6,9.9,0.317,666.8,18.73,682,36.2,32.5,72,moderate_stress
php_00720,mint,indoor,summer,68.4,40.1,1.575,359.9,19.96,715,91.8,9.3,62,moderate_stress
php_00721,pothos,indoor,monsoon,85.9,87.4,1.188,806.6,21.19,917,82.4,24.7,44,high_stress
php_00722,lettuce,hydroponic,autumn,31.6,19.4,2.26,786.9,20.26,251,29.3,13.2,24,high_stress
php_00723,basil,garden,summer,48.8,73.7,0.857,1174.8,18.44,97,25.6,26.5,37,high_stress
php_00724,rose,garden,winter,52.9,44.2,0.23,801.4,18.61,825,97.8,9.7,80,healthy
php_00725,aloe_vera,indoor,winter,51.1,24.6,0.688,472.3,19.24,410,89.6,30.3,87,healthy
php_00726,mint,indoor,spring,66.9,82.1,2.11,751.3,19.65,788,91.2,31.8,66,moderate_stress
php_00727,lettuce,hydroponic,monsoon,25.6,30.1,1.714,510.2,19.72,93,38.2,24.3,37,high_stress
php_00728,mint,indoor,spring,44.4,77.4,0.319,715.8,21.21,786,83.3,8.9,82,healthy
php_00729,rose,greenhouse,spring,69.1,34.6,0.982,673.9,19.09,414,85.8,21.7,73,moderate_stress
php_00730,aloe_vera,indoor,spring,93.8,30.9,1.985,862.8,21,466,20.7,32.9,48,high_stress
php_00731,pothos,shade_house,summer,79.4,52.1,1.801,954,19.12,550,93.2,38,45,high_stress
php_00732,basil,greenhouse,summer,82.1,63.4,1.777,1174.1,20.31,960,80.7,33.3,70,moderate_stress
php_00733,aloe_vera,arid_garden,monsoon,86.6,38,0.398,665.3,20.5,218,87.4,18.5,89,healthy
php_00734,pothos,indoor,spring,90.3,54.5,1.135,537.8,21.33,225,34.1,31.5,65,moderate_stress
php_00735,basil,greenhouse,autumn,37,73.3,1.479,1133.1,19.37,145,27.7,15.1,28,high_stress
php_00736,basil,indoor,autumn,43,85.6,1.414,728.8,21.33,117,93.6,14.7,52,high_stress
php_00737,basil,indoor,spring,63.9,41.7,0.196,387.2,20.65,355,95.6,12.2,88,healthy
php_00738,basil,garden,autumn,33.9,47.4,0.924,555.8,20.22,371,46.2,29.4,79,moderate_stress
php_00739,aloe_vera,arid_garden,monsoon,73,29,0.524,1022.9,18.43,260,71,32.2,75,moderate_stress
php_00740,aloe_vera,arid_garden,winter,34.1,53.1,0.888,416.8,18.51,334,31.9,13.4,41,high_stress
php_00741,basil,indoor,summer,91.2,51.6,0.038,870.3,19.66,555,31.9,10,49,high_stress
php_00742,tomato,greenhouse,summer,87.2,14.5,0.296,701.5,18.68,518,85.9,28.3,61,moderate_stress
php_00743,snake_plant,shade_house,winter,67.3,15.1,1.099,510.1,18.36,946,60.3,37.6,44,high_stress
php_00744,basil,garden,monsoon,26.5,24.4,2.172,481.5,20.23,980,47,20.7,52,high_stress
php_00745,pothos,shade_house,autumn,91.2,67.8,0.953,957.8,19.62,678,72.7,17.3,69,moderate_stress
php_00746,mint,garden,winter,93.1,66.3,1.244,1087.7,21.49,517,70.6,13,80,healthy
php_00747,rose,greenhouse,monsoon,66.1,36.9,0.721,714.8,20.97,862,95.3,14.9,91,healthy
php_00748,snake_plant,shade_house,autumn,40.2,37.7,0.522,775.6,18.32,636,66.5,33,76,moderate_stress
php_00749,snake_plant,shade_house,spring,73.5,79.2,0.811,467.4,20.2,652,24.6,21.5,33,high_stress
php_00750,mint,garden,monsoon,36.2,85.4,1.78,717.5,19.61,397,61.8,24.3,73,moderate_stress
php_00751,mint,garden,winter,54,86.1,0.228,713.1,20.24,194,73,25.7,94,healthy
php_00752,lettuce,hydroponic,autumn,53.6,24,2.446,1163.3,19.98,1008,49.3,34.2,15,high_stress
php_00753,basil,greenhouse,monsoon,43.7,58.2,2.288,594.3,20.95,407,59.1,34.4,67,moderate_stress
php_00754,basil,indoor,monsoon,90.6,50,1.401,647.1,18.91,297,39.8,22.5,53,high_stress
php_00755,pothos,indoor,summer,70,53.4,1.75,699.7,21.06,591,23.4,13.1,46,high_stress
php_00756,snake_plant,shade_house,spring,51.5,47.9,1.175,1003.2,20.37,904,80.8,8.9,59,moderate_stress
php_00757,pothos,shade_house,winter,51.6,38.2,0.837,633.4,20.27,813,88.2,15.9,85,healthy
php_00758,pothos,indoor,winter,46.1,28,1.561,708,19.3,409,78.7,20.1,72,moderate_stress
php_00759,basil,garden,autumn,48.1,51.7,1.679,550.5,18.36,137,43.7,24.5,54,high_stress
php_00760,aloe_vera,arid_garden,monsoon,71.8,56.8,2.127,470.5,21.41,146,67.5,15.9,47,high_stress
php_00761,mint,indoor,autumn,30.7,25.9,0.154,1141.9,20.97,629,98.4,36.8,51,high_stress
php_00762,mint,garden,monsoon,45.5,8.6,1.138,829.6,20.28,914,41.3,35.3,26,high_stress
php_00763,pothos,shade_house,monsoon,71.5,82.8,1.135,1144.8,19.26,243,74,14.9,58,moderate_stress
php_00764,lettuce,hydroponic,monsoon,46.4,39.2,0.882,959.5,20.8,500,72.4,21.1,86,healthy
php_00765,pothos,indoor,winter,53.4,78.3,0.148,661.9,19.32,425,86.7,22.1,74,moderate_stress
php_00766,aloe_vera,indoor,spring,80.3,60.5,1.903,521.8,19.97,929,74.3,14.9,55,moderate_stress
php_00767,basil,garden,winter,75.5,32.3,1.434,1087.9,18.87,617,71.8,10,48,high_stress
php_00768,pothos,shade_house,summer,55.4,19.9,1.145,886.2,20.91,649,89.8,30.6,72,moderate_stress
php_00769,aloe_vera,indoor,monsoon,33.2,51.8,2.413,722.8,20.58,523,75,34,67,moderate_stress
php_00770,basil,greenhouse,autumn,38,81.4,1.49,1117.5,20.63,425,63.4,27.5,64,moderate_stress
php_00771,aloe_vera,arid_garden,spring,32.4,74.4,2.061,793.7,19.1,196,27.2,29.3,12,high_stress
php_00772,basil,greenhouse,summer,29.9,54.9,0.218,691,21.16,105,60.2,13.6,72,moderate_stress
php_00773,rose,greenhouse,monsoon,47.7,88.8,0.691,723.6,21.39,941,45.4,15.2,68,moderate_stress
php_00774,lettuce,greenhouse,monsoon,25.6,38.5,1.36,654.9,21.04,174,48,36.6,29,high_stress
php_00775,lettuce,hydroponic,monsoon,68.4,11.1,1.136,1047.4,20.98,64,57.9,9.4,39,high_stress
php_00776,rose,greenhouse,spring,74.9,62.4,1.968,480.6,20.27,137,45.6,36.1,50,high_stress
php_00777,mint,indoor,autumn,41.9,38.8,1.345,1095.9,18.69,337,34.9,11.6,39,high_stress
php_00778,basil,garden,spring,72,45.4,2.278,720.1,18.78,687,76.1,33.8,62,moderate_stress
php_00779,lettuce,greenhouse,spring,27.8,86.5,0.881,647.4,20.4,408,24.1,26.7,52,high_stress
php_00780,pothos,indoor,summer,34.1,63.3,2.296,431.2,18.52,728,84.3,33.6,50,high_stress
php_00781,tomato,garden,monsoon,81.7,27,1.327,946,18.59,911,70.8,36.2,43,high_stress
php_00782,lettuce,hydroponic,summer,37.4,29,2.274,409.8,19.07,166,60,21.6,47,high_stress
php_00783,basil,greenhouse,summer,72.4,80.3,0.594,488.3,20.23,460,23.7,10.9,46,high_stress
php_00784,basil,greenhouse,spring,89.5,12.3,2.105,1190.5,20.07,522,45.9,34.4,27,high_stress
php_00785,snake_plant,shade_house,autumn,57.2,39.6,1.143,1217.3,18.8,398,25.3,21.3,57,moderate_stress
php_00786,tomato,garden,summer,74.7,52.7,2.116,413.6,20.59,406,30.4,27.2,60,moderate_stress
php_00787,tomato,garden,spring,39.1,40.1,2.11,1203.4,19.37,418,87.2,28.2,55,moderate_stress
php_00788,pothos,indoor,summer,49.2,38.8,0.27,600.5,18.67,723,46.1,22.3,73,moderate_stress
php_00789,aloe_vera,arid_garden,monsoon,74.5,82.2,0.33,493.3,20.85,948,30.7,12.4,29,high_stress
php_00790,snake_plant,indoor,winter,56.3,64.5,0.777,656.3,20.99,767,72.1,25,72,moderate_stress
php_00791,pothos,indoor,monsoon,39.1,30.9,0.278,806.7,18.39,391,32.5,24,67,moderate_stress
php_00792,aloe_vera,indoor,monsoon,85.5,31.6,1.604,539.7,19.75,75,62.4,10.5,50,high_stress
php_00793,rose,greenhouse,autumn,89.3,10.9,0.414,919.7,19.1,118,94.5,30.9,39,high_stress
php_00794,rose,greenhouse,spring,34.9,56.9,0.903,700.8,19.21,105,98.6,9.8,54,high_stress
php_00795,mint,indoor,spring,91.7,47.3,0.926,616.2,18.42,339,40.2,16.5,63,moderate_stress
php_00796,basil,indoor,spring,92,44.1,2.331,886,19.6,755,28.2,24.1,48,high_stress
php_00797,lettuce,hydroponic,monsoon,92.7,19.4,0.389,1246.9,19.56,750,34.2,27.2,38,high_stress
php_00798,basil,greenhouse,monsoon,84.5,60.8,1.787,1070.6,21,676,27.2,10.2,48,high_stress
php_00799,snake_plant,shade_house,monsoon,33.3,8.9,1.327,1055.5,20.18,1002,28.4,19.2,38,high_stress
php_00800,rose,garden,spring,76.2,42.9,0.551,838.9,20.82,369,88.4,23.5,93,healthy
php_00801,snake_plant,shade_house,autumn,89.1,59.3,2.179,912.7,19.05,971,52.2,14.1,25,high_stress
php_00802,tomato,greenhouse,summer,71.5,59,2.331,891.8,21.43,136,34.2,11.7,33,high_stress
php_00803,snake_plant,indoor,monsoon,48.3,83,0.673,1137.1,19.62,859,67.9,24.8,41,high_stress
php_00804,mint,garden,summer,68.6,66.6,1.711,1162,21.41,824,54.3,37.3,52,high_stress
php_00805,mint,garden,winter,74.9,81.7,1.108,444.7,20.63,94,31.3,19.9,71,moderate_stress
php_00806,basil,indoor,spring,47.6,63,1.516,1056.2,20.34,409,89.5,29.6,85,healthy
php_00807,pothos,indoor,spring,26.1,23.3,0.539,704.5,20.08,39,77.1,17.9,87,healthy
php_00808,tomato,greenhouse,spring,32.7,57.1,1.571,905.6,20.33,324,58.5,25.8,70,moderate_stress
php_00809,mint,greenhouse,spring,86,31.3,1.372,942.8,19.42,538,29.2,11.1,42,high_stress
php_00810,pothos,indoor,autumn,89.4,25.6,1.376,943.3,21.32,680,51.9,32.1,51,high_stress
php_00811,tomato,garden,winter,91.8,67,0.357,834.5,21.37,259,76.7,18,83,healthy
php_00812,snake_plant,shade_house,spring,49.9,17.9,1.678,569.3,19.75,261,89.8,13.7,79,moderate_stress
php_00813,lettuce,greenhouse,winter,38.1,88,1.503,801.8,21.33,819,53.8,26,64,moderate_stress
php_00814,mint,indoor,winter,70.8,81.9,2.461,663.3,20.75,309,84.3,13.9,69,moderate_stress
php_00815,aloe_vera,arid_garden,winter,32.7,27.7,0.38,560.3,18.76,790,45.4,32.9,77,moderate_stress
php_00816,basil,indoor,summer,91.2,9.6,2.329,664.3,20.74,181,88.3,13.4,29,high_stress
php_00817,pothos,shade_house,spring,50.3,87.2,2.342,713.5,18.95,449,77.8,37.7,31,high_stress
php_00818,lettuce,greenhouse,monsoon,54.6,52.4,1.808,539,20.01,755,28,8.6,60,moderate_stress
php_00819,mint,indoor,monsoon,35.3,28.1,2.152,953.5,18.41,377,94,11.6,43,high_stress
php_00820,basil,indoor,monsoon,64.7,62.2,0.543,1195.9,18.94,709,40.7,8.5,48,high_stress
php_00821,basil,indoor,autumn,78.2,89.2,0.006,390,20.22,870,54.2,27.1,78,moderate_stress
php_00822,mint,greenhouse,spring,64.5,11.5,0.91,588.8,21.11,550,58.4,12.4,54,high_stress
php_00823,pothos,indoor,autumn,43.5,84.9,1.477,926.6,19.87,163,81.3,37.8,44,high_stress
php_00824,aloe_vera,arid_garden,autumn,69.8,88.2,0.529,1146.3,20.02,504,74.9,26.1,52,high_stress
php_00825,mint,greenhouse,spring,30.9,45.4,1.354,805.1,20.99,425,91.2,26.2,78,moderate_stress
php_00826,snake_plant,shade_house,autumn,63.4,36.7,1.184,929.2,19.09,201,59.6,27.2,84,healthy
php_00827,aloe_vera,indoor,autumn,81.2,21.8,1.39,396,18.33,642,28.5,12.5,42,high_stress
php_00828,mint,garden,autumn,30.9,41.8,1.653,716.5,18.84,167,74.9,30.8,54,high_stress
php_00829,snake_plant,shade_house,monsoon,93.8,39.9,1.961,917.9,20.48,255,66.8,11,62,moderate_stress
php_00830,aloe_vera,indoor,winter,69.8,39.3,1.94,336.9,20.77,142,39.6,13.3,47,high_stress
php_00831,snake_plant,indoor,summer,93.3,38.4,0.123,683.8,20.08,607,54.2,27.5,78,moderate_stress
php_00832,mint,indoor,winter,89.6,77.1,1.412,809.6,18.24,198,96.4,27.1,64,moderate_stress
php_00833,lettuce,greenhouse,summer,86.6,38,1.583,834.7,20.27,265,44.1,34.8,38,high_stress
php_00834,pothos,shade_house,monsoon,67.1,87.2,0.849,331.5,20.62,673,65.3,22.9,65,moderate_stress
php_00835,lettuce,greenhouse,spring,61.9,48.9,1.573,1240.9,18.43,67,70,18.5,55,moderate_stress
php_00836,basil,greenhouse,winter,31.2,51.6,0.896,672.6,21.41,929,61.2,13.1,77,moderate_stress
php_00837,pothos,shade_house,autumn,62.1,45,2.128,371.3,19.95,54,46.6,31.4,71,moderate_stress
php_00838,mint,greenhouse,winter,51.1,72,1.915,978.3,19.54,903,37.2,33.1,50,high_stress
php_00839,mint,greenhouse,monsoon,53.9,86.9,0.774,969.2,19.02,180,34.8,18,53,high_stress
php_00840,lettuce,greenhouse,winter,91.4,12.8,0.261,1059.4,20.92,480,92.4,23.2,60,moderate_stress
php_00841,pothos,indoor,monsoon,78.5,19.2,0.622,376.3,19.4,839,72.5,37.9,42,high_stress
php_00842,lettuce,hydroponic,monsoon,77.9,31.8,0.94,370.1,20.52,676,24.9,19,59,moderate_stress
php_00843,tomato,garden,spring,61.2,54.6,1.864,464,18.99,222,50,18.7,58,moderate_stress
php_00844,pothos,indoor,autumn,37.4,29,1.696,952.8,20.84,652,49.6,21.6,72,moderate_stress
php_00845,snake_plant,indoor,summer,39.1,30.8,2.18,372.6,21.06,430,30.2,28.2,66,moderate_stress
php_00846,lettuce,hydroponic,summer,34.4,64,0.992,550.6,21.01,508,41.6,26.9,73,moderate_stress
php_00847,lettuce,greenhouse,summer,48.4,45.6,1.052,576.9,19.22,492,54.7,16.3,74,moderate_stress
php_00848,rose,greenhouse,monsoon,43.3,20.4,2.396,727.6,19.17,908,23.6,34.9,16,high_stress
php_00849,tomato,greenhouse,autumn,84.9,10.9,0.475,800.8,18.99,116,73.4,15.8,43,high_stress
php_00850,basil,indoor,spring,31.7,74.2,0.379,556.2,18.48,531,59.4,37.4,56,moderate_stress
php_00851,pothos,shade_house,summer,69,11.4,2.09,977.9,19.9,275,80.6,23,60,moderate_stress
php_00852,tomato,greenhouse,autumn,48,81.7,0.021,712.5,20.02,296,31.5,15.9,53,high_stress
php_00853,tomato,greenhouse,spring,90.4,74,0.705,661.1,20.95,632,55.5,37.3,74,moderate_stress
php_00854,aloe_vera,arid_garden,winter,37.9,17,0.614,498.6,19.31,434,24.3,8.5,44,high_stress
php_00855,snake_plant,indoor,summer,37,84.9,1.74,558.1,19.59,749,27.1,20.4,17,high_stress
php_00856,snake_plant,indoor,summer,78.2,67.2,0.677,673,19.4,369,31.9,36.2,41,high_stress
php_00857,tomato,garden,monsoon,55.5,21.1,0.063,676,20.94,113,25.2,15.1,41,high_stress
php_00858,aloe_vera,arid_garden,autumn,63.9,55.1,1.881,1047.7,21.24,389,31.1,8.8,29,high_stress
php_00859,tomato,garden,spring,50.3,82.6,0.243,592.1,20.7,960,75.8,32.7,82,healthy
php_00860,basil,garden,spring,88.9,77.6,1.874,1133.7,20.66,155,99.6,29.6,57,moderate_stress
php_00861,aloe_vera,arid_garden,monsoon,84.4,72.7,0.704,933,21.32,979,81.3,10.8,43,high_stress
php_00862,basil,greenhouse,autumn,72.5,62,1.013,1073.6,18.95,994,98.5,20.3,71,moderate_stress
php_00863,aloe_vera,indoor,monsoon,93.2,74,1.787,540.7,18.65,731,66.3,19.7,38,high_stress
php_00864,aloe_vera,indoor,winter,79.9,45,0.503,1021.2,20.27,67,40.7,14.8,60,moderate_stress
php_00865,aloe_vera,arid_garden,autumn,87.7,43.6,0.217,366.6,18.53,940,67.6,28.4,83,healthy
php_00866,rose,greenhouse,autumn,26.2,26.9,1.948,809.5,19.52,229,23.7,12.2,21,high_stress
php_00867,rose,garden,autumn,83.6,48.3,2.478,1213,20.56,605,70.4,10.1,63,moderate_stress
php_00868,basil,greenhouse,monsoon,74.5,55.5,0.799,825.8,19.99,849,47.6,19.4,90,healthy
php_00869,rose,greenhouse,monsoon,37.1,75.4,2.092,841.4,18.59,874,68,27,60,moderate_stress
php_00870,lettuce,hydroponic,summer,72.4,49.5,1.211,413.9,18.31,345,38.1,13.2,64,moderate_stress
php_00871,lettuce,greenhouse,monsoon,58.7,73.1,0.806,569.4,21.18,790,87.8,24.4,90,healthy
php_00872,mint,garden,winter,28.3,16.1,2.312,1164.7,19.23,535,74.3,31.9,19,high_stress
php_00873,mint,greenhouse,summer,81.6,58.1,1.186,1114.1,19.54,798,21.5,24.4,58,moderate_stress
php_00874,pothos,shade_house,spring,39,89.1,0.872,373.4,21,853,21.8,35.4,26,high_stress
php_00875,aloe_vera,arid_garden,spring,84.4,43.6,0.616,563.7,18.31,101,60.7,28.4,68,moderate_stress
php_00876,pothos,indoor,summer,84.4,60,0.378,424.5,20.64,343,90.7,15.9,93,healthy
php_00877,basil,garden,spring,43.3,34.3,1.698,916.3,20.34,792,57.1,20,79,moderate_stress
php_00878,aloe_vera,indoor,autumn,33.4,41.4,1.52,984.8,19.51,445,78.7,26.8,75,moderate_stress
php_00879,lettuce,hydroponic,summer,26.4,87.2,1.574,1106,18.39,864,48.6,35.9,23,high_stress
php_00880,basil,indoor,spring,68.1,49.1,1.581,683.1,19.15,646,98.5,12.3,70,moderate_stress
php_00881,tomato,greenhouse,summer,85.2,30.3,0.132,436.9,19.83,944,29,37.9,44,high_stress
php_00882,rose,garden,monsoon,76.8,61,0.232,918,20.62,906,71.5,34.8,81,healthy
php_00883,mint,indoor,summer,81.3,66.5,2.139,464.5,18.98,910,84,32.2,56,moderate_stress
php_00884,snake_plant,shade_house,monsoon,87,60.7,1.732,752.9,20.76,903,65.3,33.2,49,high_stress
php_00885,aloe_vera,arid_garden,monsoon,69.4,51.3,0.768,724.5,18.97,290,91.4,20.1,66,moderate_stress
php_00886,rose,greenhouse,summer,81.6,65,1.039,378.3,18.56,101,36.9,9.2,48,high_stress
php_00887,aloe_vera,indoor,autumn,64.3,66.2,0.031,1189,20.92,466,26.7,16.8,44,high_stress
php_00888,mint,indoor,autumn,26,54.9,1.327,1182.6,18.4,595,20.3,14.4,41,high_stress
php_00889,mint,indoor,summer,87,75.7,1.13,410.2,19.85,728,73.5,19.8,80,healthy
php_00890,pothos,shade_house,winter,37.8,55.1,0.399,588.9,20.38,848,40.1,25.4,77,moderate_stress
php_00891,tomato,greenhouse,spring,78.3,59.9,0.197,392.3,20.68,104,59.1,16.9,84,healthy
php_00892,snake_plant,indoor,monsoon,77.9,33.2,1.022,980.5,20.61,153,69,9,73,moderate_stress
php_00893,basil,garden,spring,91.8,50.5,2.457,709.8,21.34,992,54.8,33.9,62,moderate_stress
php_00894,rose,greenhouse,winter,59.7,31,0.158,513.4,18.51,929,30.6,27.2,60,moderate_stress
php_00895,mint,garden,monsoon,77.8,69,0.283,1193.8,19.26,681,61.3,10.6,81,healthy
php_00896,basil,garden,monsoon,31.7,33.1,2.103,776.4,20.8,899,88,20.3,72,moderate_stress
php_00897,mint,garden,autumn,85.4,49.8,0.169,1226.3,21.35,569,59.6,17,86,healthy
php_00898,mint,indoor,summer,88.6,67.1,0.53,938.4,19.45,970,96.2,20.5,77,moderate_stress
php_00899,snake_plant,shade_house,winter,54.6,75.6,1.101,1161.1,21.14,295,26,29.3,44,high_stress
php_00900,pothos,shade_house,monsoon,79.3,41.6,1.948,464.1,19.29,1009,60.5,14.7,56,moderate_stress
php_00901,rose,greenhouse,winter,27.1,23.8,1.838,352.7,19.11,625,72.6,13.9,55,moderate_stress
php_00902,pothos,indoor,summer,78.6,61.4,0.555,1195.9,19.6,404,79,26,84,healthy
php_00903,pothos,indoor,autumn,85.2,17.3,2.099,992.8,20.05,186,73.2,21.9,62,moderate_stress
php_00904,tomato,garden,monsoon,34.8,71.4,2.004,524.4,19.04,417,90.9,25.4,66,moderate_stress
php_00905,basil,greenhouse,summer,88.2,39.8,0.154,1194.1,20.75,965,53.3,22.8,82,healthy
php_00906,tomato,garden,summer,43.3,58.5,1.075,485.9,20.77,397,69.6,32.4,85,healthy
php_00907,mint,greenhouse,winter,33.4,28.2,1.827,1241.4,21.03,696,65.7,17,50,high_stress
php_00908,lettuce,hydroponic,monsoon,71.8,74.5,0.749,587.1,21.28,755,20.1,15.1,75,moderate_stress
php_00909,mint,indoor,monsoon,78,31,0.897,930.7,18.43,965,31.3,8.6,23,high_stress
php_00910,tomato,greenhouse,winter,35,80,0.197,1038.5,19.22,794,22.5,9.7,31,high_stress
php_00911,pothos,indoor,monsoon,80.4,23.8,0.911,875.2,19.64,220,24,16.6,49,high_stress
php_00912,aloe_vera,arid_garden,summer,80.9,18.2,1.664,753.7,21.16,320,80,9.1,68,moderate_stress
php_00913,basil,greenhouse,spring,44.1,37.2,0.903,419.6,19.07,504,41.6,36.2,53,high_stress
php_00914,lettuce,hydroponic,summer,53.4,37.9,1.268,1157.3,21.14,71,91.2,11.8,70,moderate_stress
php_00915,basil,indoor,winter,82.4,23.5,0.015,441,20.66,102,60.9,8.9,48,high_stress
php_00916,pothos,indoor,winter,62.5,44.8,1.202,1079.9,19.98,971,29,18.8,51,high_stress
php_00917,rose,greenhouse,spring,42.9,35.9,1.033,918.1,20.15,891,58.8,12.9,80,healthy
php_00918,pothos,shade_house,summer,93.8,57.4,0.84,1140.8,18.52,224,82.8,10.6,55,moderate_stress
php_00919,tomato,garden,autumn,32.2,64,0.317,627,20.64,609,77,11.6,81,healthy
php_00920,basil,indoor,monsoon,35.6,56,1.755,1058,20.8,118,47,24.2,68,moderate_stress
php_00921,snake_plant,indoor,summer,49.6,19,1.646,805.5,18.63,833,92.9,32.5,59,moderate_stress
php_00922,tomato,greenhouse,autumn,55.8,61.5,1.638,925.8,21.11,762,33.4,28,68,moderate_stress
php_00923,aloe_vera,indoor,monsoon,37.3,29.9,1.47,824.4,19.98,861,95.2,24.9,83,healthy
php_00924,mint,garden,summer,85.7,35.9,2.124,939.7,20.83,588,29.9,17.7,50,high_stress
php_00925,lettuce,hydroponic,winter,74.5,69.9,0.561,586.2,19.79,347,43.9,27.5,74,moderate_stress
php_00926,lettuce,hydroponic,winter,67.4,12.1,0.53,489.3,19.12,621,62.9,30,49,high_stress
php_00927,snake_plant,indoor,monsoon,91.7,58.5,2.077,451.1,18.69,760,36.3,14.8,29,high_stress
php_00928,lettuce,greenhouse,winter,67.2,45.9,0.488,1218.1,20.31,639,85.3,16.9,86,healthy
php_00929,snake_plant,indoor,summer,72.7,30.3,1.03,531.5,19.71,695,36.9,23.1,64,moderate_stress
php_00930,mint,greenhouse,summer,48.9,68.8,1.497,1171.2,18.42,93,69.8,28.9,57,moderate_stress
php_00931,snake_plant,indoor,winter,54,42.9,0.158,1193,18.59,928,53.5,16,65,moderate_stress
php_00932,pothos,indoor,summer,64.7,55.5,2.371,1190.6,21.45,844,66.7,17.6,59,moderate_stress
php_00933,lettuce,hydroponic,summer,59.8,68.8,2.208,1083,20.76,351,37.1,29.4,55,moderate_stress
php_00934,snake_plant,shade_house,spring,36.7,9.9,1.1,557.1,19.8,762,66.8,37.5,59,moderate_stress
php_00935,rose,greenhouse,winter,40.2,36.6,1.118,967.3,18.99,655,67.6,25.3,77,moderate_stress
php_00936,aloe_vera,arid_garden,winter,26.3,19.3,1.114,1201.3,20.85,59,69.3,37.3,64,moderate_stress
php_00937,rose,garden,autumn,91.2,20.1,2.116,494.1,20.62,898,24.6,25.4,45,high_stress
php_00938,basil,garden,summer,92.6,46.8,1.45,1160.4,21.15,478,35.1,21,69,moderate_stress
php_00939,aloe_vera,arid_garden,winter,56.7,84.7,0.714,764.9,19,821,22.1,14.3,15,high_stress
php_00940,aloe_vera,indoor,summer,87.5,35.8,0.838,1203.5,18.3,326,44.4,37.8,45,high_stress
php_00941,tomato,greenhouse,summer,32.9,35.8,0.616,753.5,21.18,1005,89.7,31.5,82,healthy
php_00942,mint,greenhouse,summer,75.1,81.7,0.676,704.7,19.81,246,100,31.4,80,healthy
php_00943,tomato,greenhouse,spring,48.2,54.6,0.528,452.4,19.74,850,57.8,33.1,88,healthy
php_00944,tomato,greenhouse,winter,66.2,14.2,1.921,1162.2,19.11,853,54.8,28.9,39,high_stress
php_00945,snake_plant,shade_house,winter,92.6,87.3,2.376,626.8,20.91,341,47.9,33,30,high_stress
php_00946,tomato,greenhouse,spring,32.2,29.8,0.891,806.8,21.36,190,65.4,9.4,42,high_stress
php_00947,aloe_vera,indoor,monsoon,82.7,40.7,0.932,1015.3,20.08,638,48.3,13,64,moderate_stress
php_00948,snake_plant,indoor,autumn,62.3,79.4,1.459,536.5,19.84,927,49.5,21.1,36,high_stress
php_00949,rose,garden,monsoon,38.2,42.4,2.342,659.6,20.44,502,94.6,23,82,healthy
php_00950,snake_plant,shade_house,winter,41.4,60.3,1.168,938.9,18.86,488,69.2,8.6,43,high_stress
php_00951,lettuce,hydroponic,spring,54.4,31.6,1.561,359.9,18.82,488,94.8,19.7,65,moderate_stress
php_00952,rose,garden,autumn,91.3,74.8,1.24,522.1,20.49,854,38.8,9,62,moderate_stress
php_00953,pothos,shade_house,autumn,74.1,70.7,1.2,819.7,21.47,980,20.3,15.5,30,high_stress
php_00954,rose,garden,winter,50.5,17.5,0.501,671.1,21.46,311,37.9,27.8,54,high_stress
php_00955,snake_plant,indoor,autumn,75.7,68.9,1.774,1076.3,20.34,57,61,26.4,58,moderate_stress
php_00956,rose,greenhouse,winter,62.3,49.2,0.707,774,20.15,893,29.4,14.1,78,moderate_stress
php_00957,pothos,indoor,spring,60.2,63.8,0.855,899.9,19.22,92,25.7,28.9,61,moderate_stress
php_00958,pothos,shade_house,summer,62.8,71.5,0.779,993.9,20.43,745,22.2,24.6,50,high_stress
php_00959,rose,greenhouse,monsoon,41.7,77.8,1.133,720.3,20.32,279,68.1,17.2,70,moderate_stress
php_00960,snake_plant,indoor,autumn,32.8,87.8,2.436,729,19.29,209,39.4,8.2,3,high_stress
php_00961,aloe_vera,indoor,monsoon,42.5,40.9,2.39,920.1,21.14,876,96.5,8.7,59,moderate_stress
php_00962,snake_plant,shade_house,spring,46.7,57.1,2.251,1040.7,21.05,757,51.3,18.4,55,moderate_stress
php_00963,rose,garden,autumn,92.2,26.4,2.364,496.6,21.23,324,30,29.9,40,high_stress
php_00964,mint,greenhouse,spring,49.3,60.7,0.095,927.9,18.72,779,33.1,16.6,65,moderate_stress
php_00965,pothos,indoor,summer,93.6,61.1,1.54,610.1,19.5,109,98.4,20.8,74,moderate_stress
php_00966,pothos,indoor,monsoon,51.9,42.7,1.499,330.4,18.55,107,68.3,13.5,66,moderate_stress
php_00967,lettuce,hydroponic,winter,37.3,84.2,1.828,1060.7,21.39,515,68.1,19.2,72,moderate_stress
php_00968,aloe_vera,arid_garden,autumn,56.1,28.2,1.418,658.2,18.54,383,96.2,11,62,moderate_stress
php_00969,basil,garden,spring,83.6,54.7,1.661,732,20.06,155,32.3,24.4,59,moderate_stress
php_00970,basil,indoor,winter,50.4,79.2,1.902,1009.7,20.15,283,25.3,12.2,37,high_stress
php_00971,basil,indoor,summer,26.4,43.2,2.49,1082,20.53,281,46.5,20,54,high_stress
php_00972,rose,garden,autumn,81.4,71.5,1.173,1116.5,20.45,478,50.7,12.5,75,moderate_stress
php_00973,pothos,indoor,autumn,73.5,63.5,1.695,722.6,21.23,965,49.1,35.8,43,high_stress
php_00974,aloe_vera,arid_garden,spring,52.1,30.7,1.608,896,20.93,467,57.9,28,88,healthy
php_00975,aloe_vera,indoor,summer,43.5,50.7,1.89,405.5,18.79,77,66.8,10.2,31,high_stress
php_00976,aloe_vera,arid_garden,autumn,77.3,41.6,1.63,1211.4,20.08,187,30,15.2,50,high_stress
php_00977,rose,greenhouse,winter,85.6,72.4,1.644,936.2,19.66,1005,64.9,20.6,75,moderate_stress
php_00978,rose,garden,monsoon,83.8,61.7,1.502,1239.4,19.3,450,20.9,8.6,35,high_stress
php_00979,pothos,indoor,spring,92.4,30.2,0.105,455.2,18.96,335,83,14.2,73,moderate_stress
php_00980,pothos,shade_house,autumn,36.4,46,0.531,725.3,19.17,205,93.6,28.9,93,healthy
php_00981,tomato,greenhouse,spring,82.8,85.8,0.533,1206.8,19.08,172,95.6,27.5,55,moderate_stress
php_00982,pothos,shade_house,autumn,29.7,57.6,0.675,685.5,19.24,572,62.7,29.3,78,moderate_stress
php_00983,mint,indoor,autumn,37.7,86.2,0.228,955.7,18.85,404,77.1,25.7,82,healthy
php_00984,aloe_vera,arid_garden,winter,39.5,33.9,1.558,717.5,21.26,747,82.6,32.4,88,healthy
php_00985,rose,greenhouse,spring,84.5,40.5,1.883,330.6,19.38,727,32.6,21.2,59,moderate_stress
php_00986,snake_plant,indoor,winter,92.5,30,1.891,1197.7,19.45,665,80.5,35.7,45,high_stress
php_00987,tomato,garden,winter,65.5,89.1,1.326,335.6,20.18,477,73.3,21.2,68,moderate_stress
php_00988,rose,garden,autumn,26.4,36.7,2.3,1166.4,20.71,501,34.3,16.6,49,high_stress
php_00989,lettuce,hydroponic,spring,76.2,46.9,1.679,1068.9,18.88,281,57,15.4,70,moderate_stress
php_00990,aloe_vera,arid_garden,autumn,82,29,2.057,1100.1,18.81,984,55.5,37.2,53,high_stress
php_00991,snake_plant,indoor,summer,41.7,80.2,1.417,729.2,20.93,532,73.5,32.6,49,high_stress
php_00992,rose,greenhouse,spring,50.9,81.3,2.225,452.1,18.24,532,37.3,27.8,34,high_stress
php_00993,tomato,garden,summer,57,55.4,1.337,429.9,19.91,671,95.1,26.3,94,healthy
php_00994,lettuce,greenhouse,monsoon,83.5,56.8,0.195,999.6,18.74,161,67.6,30.1,59,moderate_stress
php_00995,lettuce,hydroponic,winter,41.4,20.5,0.433,1019.6,20.9,275,72.2,10.8,67,moderate_stress
php_00996,aloe_vera,indoor,monsoon,52.1,20.6,0.647,359,19.82,250,86.6,30.2,87,healthy
php_00997,aloe_vera,arid_garden,summer,86.9,15.6,0.675,1111.9,21.16,945,73.4,25.3,94,healthy
php_00998,rose,greenhouse,spring,91.4,62,0.403,508.4,18.83,107,70.5,10.3,64,moderate_stress
php_00999,basil,garden,monsoon,52.4,31.5,0.694,920.9,20.72,68,71.5,18.5,79,moderate_stress
php_01000,basil,indoor,winter,39.6,20.6,2.194,957.9,19.21,325,98.6,10,27,high_stress
php_01001,rose,greenhouse,winter,58.5,35.2,0.879,865.4,19.96,280,93.3,12.2,74,moderate_stress
php_01002,rose,garden,winter,56.3,16.5,2.331,486.8,19.09,982,66.9,17,55,moderate_stress
php_01003,rose,garden,summer,90.8,62.1,2.371,460.5,20.76,868,95.9,33.8,66,moderate_stress
php_01004,rose,garden,summer,72.2,63.1,2.279,1009,19.96,643,85.8,17.6,76,moderate_stress
php_01005,mint,greenhouse,monsoon,89.1,46.6,2.474,1175.8,21.15,900,46.4,28.8,51,high_stress
php_01006,lettuce,greenhouse,spring,70.8,74.8,1.646,685.4,18.96,146,43.2,25.6,56,moderate_stress
php_01007,lettuce,hydroponic,summer,42,47.6,1.461,382.3,20.15,190,47.8,22.5,79,moderate_stress
php_01008,rose,greenhouse,monsoon,29.5,22.9,0.068,1124.1,21.26,241,92.3,31.4,59,moderate_stress
php_01009,rose,greenhouse,spring,85.2,48.1,0.794,1225.7,19.52,68,29.4,21.2,52,high_stress
php_01010,tomato,greenhouse,summer,71.8,76.5,0.504,1067.9,19.56,36,64.6,20.4,75,moderate_stress
php_01011,tomato,garden,winter,52.7,68.4,0.249,708.4,19.03,988,42,12.2,66,moderate_stress
php_01012,pothos,indoor,spring,72.6,72.1,1.445,489.2,20.11,223,48.2,30.5,66,moderate_stress
php_01013,lettuce,greenhouse,monsoon,66.3,16.5,1.446,1057.6,18.64,947,38.8,33.8,5,high_stress
php_01014,rose,greenhouse,summer,25.8,33.3,0.514,373.2,19.34,160,50.2,8.6,48,high_stress
php_01015,rose,garden,spring,26.7,16.9,0.284,1142.1,20.81,662,20.7,14.5,50,high_stress
php_01016,tomato,greenhouse,monsoon,71.6,19.7,1.987,947.1,20.29,721,25.2,37.9,19,high_stress
php_01017,rose,greenhouse,winter,73.9,66.2,0.784,1056.1,19.86,623,66.6,11.7,87,healthy
php_01018,snake_plant,shade_house,autumn,45.5,41.9,0.71,1118.4,19.67,1010,28,32.7,45,high_stress
php_01019,mint,garden,summer,86.2,84.7,0.34,550.3,21.24,934,89,9,69,moderate_stress
php_01020,aloe_vera,arid_garden,winter,66,43.8,2.428,959.6,21.36,834,91.3,14,59,moderate_stress
php_01021,mint,indoor,winter,81,33.8,1.373,510.8,21.33,968,34.6,24.2,52,high_stress
php_01022,aloe_vera,indoor,winter,92.1,32.7,0.519,800.8,20.53,1018,69.5,33.8,87,healthy
php_01023,tomato,greenhouse,monsoon,67.2,18.8,1.892,1045.7,20.59,829,49.5,15.6,47,high_stress
php_01024,basil,indoor,monsoon,36.8,30.9,1.631,610.1,20.94,547,85.8,19,79,moderate_stress
php_01025,aloe_vera,indoor,autumn,40,47.4,2.463,778.6,20.25,629,49.7,8.1,42,high_stress
php_01026,pothos,indoor,winter,92.1,11,0.231,580.8,19.43,470,65.5,14.8,63,moderate_stress
php_01027,rose,greenhouse,summer,49.8,19.3,2.08,1030,19.33,587,57.1,18.4,51,high_stress
php_01028,pothos,indoor,monsoon,91.9,62.8,2.054,1086.5,20.31,675,34.1,16.9,49,high_stress
php_01029,pothos,shade_house,autumn,67.4,28.9,0.452,1086.1,18.42,928,99,20.1,57,moderate_stress
php_01030,pothos,indoor,autumn,53.1,51.6,1.465,1084,20.3,444,60.2,23.8,85,healthy
php_01031,snake_plant,indoor,summer,61.1,77.6,1.68,1115.5,20.36,610,74.6,8,36,high_stress
php_01032,lettuce,greenhouse,summer,30.1,82.9,0.22,483.1,20.04,810,83.3,37.9,48,high_stress
php_01033,aloe_vera,indoor,winter,77.9,17.5,1.86,772.3,21.24,831,64.6,11,67,moderate_stress
php_01034,rose,greenhouse,autumn,43,47.8,0.14,964.3,19.28,769,26.9,16.5,62,moderate_stress
php_01035,lettuce,greenhouse,summer,53.1,53.5,0.572,848.3,21.41,402,47.2,25.5,88,healthy
php_01036,rose,greenhouse,summer,79,56.1,2.186,643.6,18.98,256,36.6,11.7,45,high_stress
php_01037,aloe_vera,indoor,spring,38.3,82.1,1.293,611,20.17,864,58.6,17.7,53,high_stress
php_01038,lettuce,greenhouse,monsoon,29.6,34.1,1.943,985.6,20.17,953,42.7,20.1,48,high_stress
php_01039,pothos,indoor,monsoon,88.4,80.3,0.706,950.5,20.61,499,77.9,25,72,moderate_stress
php_01040,lettuce,hydroponic,monsoon,45.2,44.5,1.512,1123.1,19.83,944,88.6,21.1,72,moderate_stress
php_01041,lettuce,hydroponic,summer,84.4,70.3,1.917,453.2,21.39,66,38.3,27.1,55,moderate_stress
php_01042,pothos,shade_house,spring,66.9,17.3,0.299,745,20.17,119,63.4,25.9,86,healthy
php_01043,snake_plant,indoor,summer,42.8,67.4,1.579,962.8,18.72,415,42,36.8,31,high_stress
php_01044,aloe_vera,arid_garden,summer,51.8,39.2,2.227,511.1,18.2,416,40.2,14.4,42,high_stress
php_01045,rose,garden,spring,85.1,13.5,0.922,549.7,18.36,895,61.1,19.1,60,moderate_stress
php_01046,basil,greenhouse,spring,65.8,53.4,1.837,915,18.8,919,98.8,32.7,64,moderate_stress
php_01047,snake_plant,shade_house,summer,66.3,23.1,0.692,566.9,21.46,570,82.6,30.9,92,healthy
php_01048,snake_plant,indoor,autumn,33.9,36.7,1.804,513.8,21.39,706,33.7,29.1,54,high_stress
php_01049,tomato,greenhouse,winter,35.2,39.5,2.492,1033.9,20.51,228,59.3,9.3,36,high_stress
php_01050,mint,garden,monsoon,49,78.3,1.86,886,20.16,531,67.2,29.8,81,healthy
php_01051,rose,greenhouse,summer,78.9,49.9,1.531,908.1,18.62,242,65.1,19.6,64,moderate_stress
php_01052,lettuce,hydroponic,summer,61.9,34,1.62,836.4,20.93,330,87.5,24.5,75,moderate_stress
php_01053,basil,indoor,autumn,33.2,39.4,0.777,483.6,19.22,222,95.5,32.6,74,moderate_stress
php_01054,basil,greenhouse,summer,60.3,66.6,2.315,1008.7,18.65,531,51.2,10.3,50,high_stress
php_01055,rose,garden,winter,25,11,1.524,397.6,19.38,479,72.8,11.1,42,high_stress
php_01056,lettuce,hydroponic,summer,44,23.2,2.432,505.8,21.29,182,31.7,15.6,35,high_stress
php_01057,lettuce,greenhouse,autumn,53.6,72.7,0.356,924.2,19.75,309,57.2,36.2,67,moderate_stress
php_01058,pothos,shade_house,spring,74,26.7,2.261,1157.1,21.11,868,71.9,13.7,49,high_stress
php_01059,tomato,garden,monsoon,58.7,17.1,0.021,635.4,18.24,74,21.5,22.4,23,high_stress
php_01060,lettuce,greenhouse,spring,49.7,68.6,2.344,1033.4,19.02,494,82.4,25.3,64,moderate_stress
php_01061,basil,indoor,summer,62.5,33.8,1.711,870.6,20.42,111,72.1,12.7,59,moderate_stress
php_01062,aloe_vera,indoor,monsoon,42.3,77.7,0.837,1130.1,19.33,800,24.3,19.9,31,high_stress
php_01063,pothos,shade_house,summer,39.2,11.7,1.253,372.4,20.39,457,74.3,32.4,66,moderate_stress
php_01064,mint,garden,winter,81.1,55.8,2.272,376.9,18.22,774,57.2,8.1,44,high_stress
php_01065,snake_plant,shade_house,spring,65.7,57.2,1.693,330.5,21.5,373,42.9,13,55,moderate_stress
php_01066,lettuce,hydroponic,winter,81,34,0.231,1055.1,18.74,814,92.2,21.6,72,moderate_stress
php_01067,lettuce,greenhouse,summer,61.5,11.7,2.306,513.1,20.92,676,97.3,24.9,42,high_stress
php_01068,tomato,greenhouse,summer,51.5,13.9,1.42,703.2,19.64,736,29.9,13.4,31,high_stress
php_01069,lettuce,hydroponic,autumn,86.6,20.5,1.492,1205.9,20.87,912,62.4,9.9,44,high_stress
php_01070,lettuce,greenhouse,autumn,33.5,56.5,1.151,869.4,20.9,581,43.4,37.6,47,high_stress
php_01071,lettuce,hydroponic,autumn,89.6,20.2,1.091,838,20.23,312,73.8,32.3,44,high_stress
php_01072,rose,garden,spring,39.8,29,0.239,511.2,19.6,240,25.9,17.8,53,high_stress
php_01073,aloe_vera,arid_garden,autumn,76.1,30.6,2.103,336.3,19.57,558,28.5,30.6,55,moderate_stress
php_01074,aloe_vera,indoor,summer,70.5,73.1,0.79,723.6,19.13,877,44.2,36,41,high_stress
php_01075,basil,greenhouse,autumn,73,21.5,1.809,406.2,19.75,409,40,27.8,47,high_stress
php_01076,mint,indoor,autumn,61.9,74.7,0.906,553.7,18.89,218,36.5,29.3,63,moderate_stress
php_01077,mint,greenhouse,monsoon,28.8,9.4,2.3,941.1,20.79,72,59.2,20.7,27,high_stress
php_01078,lettuce,greenhouse,spring,47.7,19.9,0.796,463.6,20.61,545,35.1,37.5,26,high_stress
php_01079,snake_plant,indoor,autumn,63.2,58,0.419,718,20.88,431,99.4,29.5,82,healthy
php_01080,basil,greenhouse,winter,48.9,89.5,0.286,560.3,18.44,633,34.7,9.3,33,high_stress
php_01081,snake_plant,indoor,winter,30.4,16.1,1.599,1061.8,18.95,92,27.4,36.3,35,high_stress
php_01082,snake_plant,indoor,spring,35.7,82.1,0.243,953.2,18.92,400,65.2,8.1,36,high_stress
php_01083,tomato,greenhouse,winter,53.9,61.1,0.113,596.8,20.67,192,38.3,22.8,81,healthy
php_01084,snake_plant,shade_house,monsoon,33,52.7,0.402,559.6,18.26,411,69.7,36.9,61,moderate_stress
php_01085,tomato,greenhouse,winter,29.3,78.4,0.731,405,18.41,84,56.4,17.9,57,moderate_stress
php_01086,tomato,greenhouse,autumn,91.6,32.6,1.098,796.7,19.44,196,67.5,22.7,59,moderate_stress
php_01087,pothos,indoor,spring,29,9.9,1.778,1192.7,20.68,779,60.5,33.9,32,high_stress
php_01088,aloe_vera,arid_garden,winter,56.7,62.5,1.406,362.1,19.77,362,42,20.9,50,high_stress
php_01089,pothos,indoor,summer,90.7,23,2.107,744.3,19.31,262,54.3,13.1,43,high_stress
php_01090,basil,garden,monsoon,30.8,46.8,1.187,421.2,18.51,542,33.7,37.8,39,high_stress
php_01091,rose,garden,autumn,78.3,8.1,1.969,863.8,19.35,526,82.3,22.8,50,high_stress
php_01092,basil,indoor,spring,82.2,83.7,2.044,882.4,21.39,136,38.4,13.7,30,high_stress
php_01093,mint,greenhouse,spring,30.7,44.9,0.293,803.3,19.81,536,49.4,10.2,71,moderate_stress
php_01094,aloe_vera,arid_garden,autumn,26.1,42.2,2.172,639.5,18.88,857,29.6,24.8,44,high_stress
php_01095,snake_plant,shade_house,winter,31.5,33.2,0.875,1099.5,20.89,904,67.6,16.5,80,healthy
php_01096,pothos,indoor,summer,38.8,25.6,0.129,861.8,20.85,148,27.1,14.3,67,moderate_stress
php_01097,snake_plant,indoor,monsoon,83.9,46.2,2.47,337.7,18.33,448,45.1,10.6,35,high_stress
php_01098,basil,greenhouse,monsoon,34,82.2,0.008,1212,18.78,304,49.6,13.3,47,high_stress
php_01099,rose,greenhouse,autumn,57.4,12.9,0.29,482.8,21,502,42.9,31.8,55,moderate_stress
php_01100,snake_plant,indoor,spring,77.7,64,0.508,950.7,20.78,524,32.7,11,47,high_stress
php_01101,lettuce,hydroponic,summer,54.5,40.6,1.41,538.3,19.18,104,34.7,12.5,48,high_stress
php_01102,rose,greenhouse,monsoon,49.5,44,0.423,1249.7,20.84,700,32,14,74,moderate_stress
php_01103,aloe_vera,arid_garden,autumn,90.3,66.4,1.58,612.6,19.1,926,32.5,29.2,34,high_stress
php_01104,tomato,greenhouse,monsoon,66.7,62.8,0.528,431.3,21.04,45,70.9,25.1,84,healthy
php_01105,mint,indoor,spring,53.4,66.9,0.942,752.9,18.26,109,96.8,24,74,moderate_stress
php_01106,lettuce,greenhouse,autumn,84.5,22.8,1.879,536.6,21.07,504,33.8,31.8,27,high_stress
php_01107,aloe_vera,arid_garden,spring,84.6,88.9,1.154,986.5,20.56,775,72.8,15,40,high_stress
php_01108,aloe_vera,arid_garden,autumn,52.6,60.2,0.509,379.9,21,54,83.9,33.5,73,moderate_stress
php_01109,tomato,garden,summer,62.8,19,1.42,729.4,18.6,517,90,15.8,45,high_stress
php_01110,rose,greenhouse,autumn,76.8,80.8,1.044,851.9,21.11,705,86.2,19,78,moderate_stress
php_01111,mint,indoor,summer,62,74.8,0.929,1243,19.17,548,68.3,25.2,81,healthy
php_01112,pothos,indoor,monsoon,31.8,18.4,1.711,389.4,18.52,430,35.3,12.3,35,high_stress
php_01113,tomato,greenhouse,summer,52.6,51.9,0.193,1017.8,19.35,765,68,24.9,84,healthy
php_01114,snake_plant,shade_house,summer,76.1,78.4,0.763,853,20.57,796,48.7,8.6,30,high_stress
php_01115,lettuce,hydroponic,autumn,90.4,30.4,1.302,644.4,19.22,590,45.6,18.3,54,high_stress
php_01116,lettuce,hydroponic,autumn,67.2,63.6,1.803,812.1,18.8,509,84.7,9.5,73,moderate_stress
php_01117,aloe_vera,arid_garden,winter,27.6,83.4,2.074,612.9,21.43,606,54.4,17.2,39,high_stress
php_01118,pothos,shade_house,monsoon,84.2,78.6,0.52,1077.5,19.26,689,25.1,37.2,23,high_stress
php_01119,lettuce,greenhouse,spring,54.8,50.7,1.619,1238.7,21.27,45,89.3,8.7,63,moderate_stress
php_01120,aloe_vera,arid_garden,autumn,59.4,71.4,0.329,401.7,20.18,1016,43.5,8.5,40,high_stress
php_01121,mint,garden,monsoon,75.4,36,2.306,1036.9,19.84,44,58.1,21,56,moderate_stress
php_01122,pothos,shade_house,winter,33.3,14.4,1.913,666.1,19.54,662,57.8,8,32,high_stress
php_01123,lettuce,greenhouse,spring,49.9,68.5,0.64,902.9,21.1,758,36.3,19.2,84,healthy
php_01124,aloe_vera,arid_garden,spring,70.4,71.5,1.681,396.4,19.66,1019,29,30.9,34,high_stress
php_01125,lettuce,hydroponic,spring,68.4,77.1,2.036,1221.8,19.14,270,88,19.8,65,moderate_stress
php_01126,basil,garden,spring,40.5,11,1.621,524.9,18.61,298,63.1,34.5,31,high_stress
php_01127,basil,indoor,winter,82.7,13.2,2.013,1104.5,18.62,269,51.2,35,17,high_stress
php_01128,tomato,garden,winter,25.8,78.8,0.568,1240.8,18.51,848,80,29.9,65,moderate_stress
php_01129,lettuce,hydroponic,spring,56.5,40.1,1.279,671.8,19.24,616,88.1,25.9,71,moderate_stress
php_01130,snake_plant,indoor,monsoon,41.6,53.3,1.871,967.8,20.72,409,86,32.8,68,moderate_stress
php_01131,pothos,indoor,winter,50.9,51.4,2.238,865.1,20.08,680,81.1,16,74,moderate_stress
php_01132,mint,garden,autumn,38.3,87.9,2.478,1148.9,21.25,47,91.7,23.3,57,moderate_stress
php_01133,tomato,greenhouse,winter,38.4,75.3,1.888,786,20.96,480,32.5,32.9,52,high_stress
php_01134,tomato,garden,summer,44.9,62.7,0.909,1199.3,19.64,992,75.4,35.5,70,moderate_stress
php_01135,pothos,indoor,monsoon,66.1,8.2,1.138,842.1,20.59,657,30.7,30.5,47,high_stress
php_01136,aloe_vera,indoor,summer,41.3,68.4,1.655,1106.2,21.36,289,70.6,16.4,49,high_stress
php_01137,rose,garden,monsoon,78.2,70.7,0.524,660.9,18.37,261,20.2,29.4,43,high_stress
php_01138,lettuce,greenhouse,autumn,41.3,55.4,0.967,636.6,20.69,170,59.2,24.2,85,healthy
php_01139,lettuce,hydroponic,autumn,87.7,17.9,2.329,971.4,19.56,328,97.4,28,28,high_stress
php_01140,mint,greenhouse,summer,42.9,41.2,1.563,672.4,20.09,353,69.4,15.7,77,moderate_stress
php_01141,rose,greenhouse,monsoon,76.7,57,1.622,1172.6,20.92,299,50.5,11.8,64,moderate_stress
php_01142,aloe_vera,indoor,monsoon,51.1,56.1,1.234,1152.6,19.99,90,78.8,33.3,63,moderate_stress
php_01143,basil,indoor,winter,38.7,26.8,1.186,870,19.68,229,65.9,32.7,63,moderate_stress
php_01144,pothos,indoor,spring,36.1,74,0.357,1144,18.83,1022,42.2,11.4,34,high_stress
php_01145,basil,greenhouse,winter,25.7,38.4,0.365,779.5,19.34,813,37.7,27.5,65,moderate_stress
php_01146,basil,garden,summer,34,10.1,0.821,1038.1,19.82,903,44.7,12.3,41,high_stress
php_01147,tomato,greenhouse,autumn,60.7,34.1,0.312,1158.5,19.28,250,43.9,36,44,high_stress
php_01148,snake_plant,indoor,autumn,45.2,30,1.349,436.6,21.38,59,99.5,20.9,82,healthy
php_01149,lettuce,greenhouse,autumn,55.8,69.3,0.646,525,20.96,851,66.2,38,67,moderate_stress
php_01150,snake_plant,shade_house,autumn,74.2,24.8,1.734,924,21.08,699,71.1,19.6,78,moderate_stress
php_01151,rose,garden,autumn,78.2,86.8,0.01,1103.6,21.21,565,76.2,10.2,71,moderate_stress
php_01152,mint,greenhouse,winter,36.3,54.3,0.979,847.5,19.69,89,43.1,11.9,60,moderate_stress
php_01153,snake_plant,indoor,spring,69.6,85.6,0.543,759.7,18.93,208,85.3,22.1,52,high_stress
php_01154,tomato,greenhouse,winter,82.9,36.3,1.841,504.6,18.92,415,91.1,25.5,63,moderate_stress
php_01155,aloe_vera,arid_garden,winter,52.6,28.7,1.249,860.5,18.62,576,80.5,11.4,69,moderate_stress
php_01156,mint,garden,summer,33.1,77.5,1.784,1178.2,19.27,591,21,35.2,33,high_stress
php_01157,rose,garden,monsoon,65.2,63.1,0.282,624,20.97,361,84.7,18.9,91,healthy
php_01158,snake_plant,indoor,summer,52.7,50.1,0.338,779.2,21.49,789,31.6,14.9,63,moderate_stress
php_01159,mint,greenhouse,spring,30.5,68.9,1.131,955.3,20.28,839,22.1,12.7,50,high_stress
php_01160,basil,greenhouse,winter,26.2,56,0.365,816.7,18.3,818,62.7,28.4,74,moderate_stress
php_01161,lettuce,hydroponic,autumn,45.5,12.7,0.211,1210.6,18.53,433,28.9,21.3,30,high_stress
php_01162,snake_plant,shade_house,spring,36.4,54.3,0.724,775.4,19.27,315,68.2,30.9,81,healthy
php_01163,pothos,shade_house,autumn,52.3,39.3,0.864,848,19.9,1015,88.6,37.1,59,moderate_stress
php_01164,rose,greenhouse,spring,90.3,49.2,0.357,1060.5,19.88,723,93.9,8.5,73,moderate_stress
php_01165,pothos,indoor,monsoon,65.9,57.1,1.265,447,18.86,111,32.6,18.3,60,moderate_stress
php_01166,rose,garden,winter,55.8,14.4,1.264,710.9,20.26,144,80.6,37.9,41,high_stress
php_01167,snake_plant,shade_house,summer,61.9,44.9,1.23,1174.3,21.49,800,65.4,20.9,69,moderate_stress
php_01168,lettuce,hydroponic,winter,85.8,50.2,0.398,918.6,21.03,903,31.8,25.3,75,moderate_stress
php_01169,aloe_vera,arid_garden,winter,74.6,15.9,0.437,858,20.81,574,55.5,9.2,81,healthy
php_01170,mint,greenhouse,summer,80.6,31.9,0.459,556.6,19.32,54,67.1,24.4,68,moderate_stress
php_01171,snake_plant,shade_house,winter,92.6,48.7,0.55,468.7,18.49,858,70.5,36.8,50,high_stress
php_01172,mint,greenhouse,monsoon,51.7,63,2.096,1194.1,18.28,547,39.7,24.3,48,high_stress
php_01173,pothos,shade_house,spring,28.8,56.1,1.246,768.3,20.42,464,77.6,15.9,86,healthy
php_01174,pothos,shade_house,spring,75.8,11.6,0.017,438.7,20.2,367,79.9,16.3,76,moderate_stress
php_01175,aloe_vera,indoor,winter,37.9,31.2,0.156,1086.6,19.2,771,89.3,36.8,75,moderate_stress
php_01176,pothos,shade_house,autumn,46,14.8,0.5,1206.9,19.87,352,62.4,10.2,60,moderate_stress
php_01177,tomato,garden,autumn,80.6,31.4,1.704,1144.8,19.81,786,33.6,36.2,36,high_stress
php_01178,snake_plant,indoor,spring,48.9,66.2,0.319,1041.3,21.29,900,80,30.1,68,moderate_stress
php_01179,aloe_vera,indoor,spring,44,66.4,2.359,407,19.29,964,69.9,15.5,38,high_stress
php_01180,mint,indoor,spring,55.1,79.4,2.068,1036,18.25,480,80.9,29.6,54,high_stress
php_01181,aloe_vera,arid_garden,summer,72.3,50.8,2.288,479.2,19.53,873,68.7,27.4,61,moderate_stress
php_01182,aloe_vera,arid_garden,summer,28.7,19.1,0.892,1249,21.26,901,32.2,26.1,69,moderate_stress
php_01183,mint,indoor,summer,74.8,71.3,0.918,435.1,20.6,656,98,23.2,87,healthy
php_01184,tomato,garden,spring,41,15.8,0.134,1002.3,18.82,489,47.7,34.6,43,high_stress
php_01185,rose,garden,monsoon,66.3,63.4,1.406,710.6,20.8,311,72.9,8.7,67,moderate_stress
php_01186,snake_plant,shade_house,winter,43.3,55.6,0.872,389.3,21.25,971,80.4,11.1,61,moderate_stress
php_01187,aloe_vera,indoor,summer,27.8,46.7,1.51,844.5,20.22,778,91.8,29.2,77,moderate_stress
php_01188,basil,garden,monsoon,58.1,65.1,0.378,1150.5,19.06,272,61.4,15.2,73,moderate_stress
php_01189,tomato,greenhouse,winter,48.5,17.6,0.869,1187.7,21.25,863,96.3,14.8,49,high_stress
php_01190,basil,indoor,spring,29.9,61.6,1.975,475.2,20.59,1020,82,22,77,moderate_stress
php_01191,pothos,shade_house,monsoon,57.7,71.7,2.194,1219.7,19.33,932,57.1,24.3,46,high_stress
php_01192,basil,garden,autumn,93.6,43.5,1.298,732.3,20.7,981,62.1,13.4,75,moderate_stress
php_01193,mint,indoor,autumn,43.9,19.7,1.355,911.9,20.41,452,44.2,19,51,high_stress
php_01194,snake_plant,shade_house,monsoon,89.1,28.2,1.469,1087.5,19.04,200,23.2,18.8,42,high_stress
php_01195,pothos,indoor,autumn,71.8,53,1.385,539.2,18.88,321,22.3,34.9,40,high_stress
php_01196,pothos,shade_house,spring,45.5,75.2,2.173,448.4,18.81,995,86.2,15.4,42,high_stress
php_01197,lettuce,hydroponic,spring,26.5,82.9,0.381,778.9,18.74,41,91.8,36.1,43,high_stress
php_01198,lettuce,hydroponic,monsoon,49.2,47.2,0.139,697.4,19.08,819,34.4,17.4,74,moderate_stress
php_01199,pothos,shade_house,summer,53.4,47.6,0.821,337,18.56,666,53.5,15.3,67,moderate_stress
php_01200,aloe_vera,arid_garden,monsoon,46.7,12.9,1.033,1011.4,20.55,824,41.5,25.2,78,moderate_stress
php_01201,tomato,garden,monsoon,35.4,40.2,0.273,1222.1,19.86,604,59.6,15.7,82,healthy
php_01202,snake_plant,indoor,autumn,66,59.3,0.255,749.3,18.27,334,84.5,13.3,70,moderate_stress
php_01203,aloe_vera,indoor,winter,40.7,11.6,1.03,506.3,19.08,187,29,11,41,high_stress
php_01204,lettuce,greenhouse,spring,28.8,89.3,0.134,787.7,21.03,70,41.8,17.9,59,moderate_stress
php_01205,snake_plant,shade_house,monsoon,84.7,31.1,1.131,774.5,19.64,75,68,35.3,71,moderate_stress
php_01206,basil,indoor,summer,48.9,13.5,1.045,542.8,21.4,225,76.2,24.1,64,moderate_stress
php_01207,mint,greenhouse,summer,35.3,41.1,1.803,620.7,21.1,490,55.2,22.2,67,moderate_stress
php_01208,aloe_vera,indoor,autumn,46.1,9.3,1.418,800.8,18.81,337,22.7,12.2,35,high_stress
php_01209,lettuce,hydroponic,monsoon,72.5,86.8,1.3,1071.5,18.37,243,72.5,13.4,59,moderate_stress
php_01210,mint,greenhouse,spring,53.5,25.6,1.661,395.5,19.7,966,21.4,13.2,25,high_stress
php_01211,pothos,shade_house,summer,50.6,39.5,0.156,337.8,20.97,551,80.6,16.6,96,healthy
php_01212,snake_plant,indoor,spring,46.6,11.4,1.987,533.1,21.43,212,75.8,24.2,79,moderate_stress
php_01213,aloe_vera,indoor,summer,35.5,42.6,0.338,813.3,19.7,726,38.9,22.7,82,healthy
php_01214,lettuce,hydroponic,monsoon,52.8,45.4,1.647,1125.3,19.47,976,55.4,22.6,66,moderate_stress
php_01215,tomato,garden,autumn,89.6,39.5,0.807,721.1,19.51,620,71.5,32.6,81,healthy
php_01216,mint,indoor,summer,57.7,42.3,2.07,1088.8,21.33,162,64.1,20.1,65,moderate_stress
php_01217,snake_plant,indoor,summer,58.6,25.1,1.987,767.3,19.74,903,37.7,33,53,high_stress
php_01218,rose,greenhouse,winter,54.1,15.4,1.409,773.2,21.26,524,52.6,36,45,high_stress
php_01219,mint,greenhouse,autumn,54.7,34.9,1.638,962.6,21.04,177,26.9,12.3,38,high_stress
php_01220,lettuce,hydroponic,monsoon,26.5,79.8,0.492,996.2,21.17,489,36.9,19.5,70,moderate_stress
php_01221,lettuce,greenhouse,autumn,45.9,37.3,2.137,490.8,19.23,838,99.7,14.6,55,moderate_stress
php_01222,lettuce,greenhouse,monsoon,77.1,29.4,0.184,525.7,18.87,672,41.1,22,63,moderate_stress
php_01223,pothos,shade_house,monsoon,71,56.7,1.666,625.5,19.16,850,73.1,24.8,68,moderate_stress
php_01224,snake_plant,indoor,autumn,74.2,46,0.145,1210.3,19.61,274,85.1,18.3,82,healthy
php_01225,snake_plant,shade_house,winter,44.8,34.8,1.801,573.5,19.17,228,70.9,11.2,68,moderate_stress
php_01226,tomato,greenhouse,monsoon,63.1,82,1.508,516.9,21.36,243,57.8,37.4,51,high_stress
php_01227,rose,garden,spring,50.6,86.6,1.513,966.4,18.75,389,79.2,9.3,44,high_stress
php_01228,pothos,indoor,summer,60.8,47.4,0.952,915.4,20.19,295,35.4,32.3,73,moderate_stress
php_01229,basil,greenhouse,monsoon,85.6,85.3,0.076,1199.6,19.84,327,27.1,33.3,35,high_stress
php_01230,pothos,indoor,summer,61.3,63.1,1.186,1151.7,19.06,712,83.7,29.9,67,moderate_stress
php_01231,mint,garden,spring,85.4,51.6,1.374,738.1,18.49,556,71.8,28.3,70,moderate_stress
php_01232,pothos,shade_house,summer,46.3,42.9,0.34,687.4,20.41,976,26.4,19.7,67,moderate_stress
php_01233,lettuce,hydroponic,spring,91.8,35.3,2.121,710.9,19.74,903,49.3,11,54,high_stress
php_01234,pothos,shade_house,autumn,68.2,80.6,0.258,747.6,18.85,196,58.2,31.9,63,moderate_stress
php_01235,tomato,greenhouse,winter,80,64.6,1.485,1191.9,19.74,105,90,10.4,51,high_stress
php_01236,lettuce,hydroponic,winter,62.1,83.4,1.206,1056.2,20.57,342,42.6,14.9,69,moderate_stress
php_01237,aloe_vera,arid_garden,winter,65,78.8,2.118,608.9,21.14,179,78.7,17.3,36,high_stress
php_01238,pothos,shade_house,monsoon,75.7,45.7,0.472,537.9,19.97,338,54.8,22.7,93,healthy
php_01239,basil,indoor,winter,75.7,10,0.092,960.1,18.87,682,40.5,33.8,37,high_stress
php_01240,rose,garden,autumn,89.6,61.9,2.388,1068.7,19.45,907,90,20.9,69,moderate_stress
php_01241,pothos,shade_house,autumn,63.3,14.1,1.243,437.4,19.21,726,91.3,11.4,43,high_stress
php_01242,basil,garden,spring,49.3,77.5,2.248,473.4,19.65,286,55.9,32.5,54,high_stress
php_01243,basil,garden,summer,90.6,29.7,1.42,1058.5,19.45,804,32.8,9.2,30,high_stress
php_01244,snake_plant,shade_house,monsoon,38.7,35.3,1.634,530.7,19.88,676,51,23.1,73,moderate_stress
php_01245,aloe_vera,arid_garden,summer,42.1,59.4,0.638,945.1,20.72,465,33.5,31.2,65,moderate_stress
php_01246,lettuce,hydroponic,monsoon,44.7,87.8,0.15,545.7,18.66,607,47.5,35.2,47,high_stress
php_01247,mint,indoor,winter,29.1,26.6,1.142,689.2,21.31,760,73.8,23,66,moderate_stress
php_01248,basil,garden,summer,70.8,56.3,1.065,409.9,21.13,1022,99.2,32,82,healthy
php_01249,lettuce,hydroponic,autumn,39.4,26.6,1.875,807.7,19.96,550,76.6,27.4,52,high_stress
php_01250,snake_plant,indoor,summer,48,22.4,0.854,1189.1,20.26,243,34.6,21.1,74,moderate_stress
php_01251,snake_plant,shade_house,spring,74.5,69.4,1.848,402.7,19.51,566,82.8,20.4,47,high_stress
php_01252,aloe_vera,arid_garden,spring,25.9,85.2,0.153,478.1,21.14,675,74.6,36.4,50,high_stress
php_01253,pothos,indoor,monsoon,84.9,55,2.427,711.1,20.76,339,71.9,25.7,75,moderate_stress
php_01254,basil,indoor,winter,92.4,19.5,1.117,923.5,19.29,422,55.9,10.7,36,high_stress
php_01255,basil,greenhouse,winter,46.2,59.2,1.013,660.4,19.84,895,67,28.7,92,healthy
php_01256,aloe_vera,arid_garden,summer,90.4,67.8,1.183,633.7,18.8,614,58.4,16.7,53,high_stress
php_01257,snake_plant,indoor,summer,41,31.8,1.139,993.2,19.02,314,45.9,20.4,70,moderate_stress
php_01258,snake_plant,shade_house,autumn,29.3,76.6,0.744,436.5,20.93,622,39,37.7,31,high_stress
php_01259,mint,greenhouse,spring,68.1,52.4,1.465,397.6,21.23,33,56.1,20,81,healthy
php_01260,snake_plant,shade_house,winter,86.1,11.5,2.223,384.3,19.55,43,68.4,17.8,65,moderate_stress
php_01261,lettuce,hydroponic,spring,63.8,79.2,1.19,1126.9,21.43,1022,55.3,17.4,72,moderate_stress
php_01262,lettuce,hydroponic,monsoon,59.2,46,0.558,1146.5,19.87,498,55.3,11.5,83,healthy
php_01263,tomato,garden,summer,64.5,10.1,1.857,1105.4,21.36,773,37.2,14.8,26,high_stress
php_01264,aloe_vera,arid_garden,spring,69,62.5,0.094,1089.4,21.1,294,73.5,12.4,62,moderate_stress
php_01265,snake_plant,indoor,winter,29.7,57,0.571,1042.3,21.34,36,41.6,17.5,72,moderate_stress
php_01266,rose,greenhouse,spring,88.7,38.7,0.372,1004.3,19.07,811,95.1,31.2,73,moderate_stress
php_01267,snake_plant,shade_house,spring,82.8,38.2,2.13,793.4,18.92,420,50.1,34.8,52,high_stress
php_01268,lettuce,hydroponic,winter,32.4,8.9,0.838,842.3,19.03,796,88.8,33.9,27,high_stress
php_01269,mint,greenhouse,spring,66,49.7,0.046,609.4,20.87,829,86.5,29.3,90,healthy
php_01270,aloe_vera,indoor,monsoon,54.1,10.2,1.95,416.6,18.86,389,82.5,8.1,43,high_stress
php_01271,pothos,shade_house,summer,65.8,54.9,1.488,832.6,19.18,656,42.2,26.3,63,moderate_stress
php_01272,mint,greenhouse,spring,91.9,13,0.188,393.2,18.97,999,31.2,9.9,18,high_stress
php_01273,rose,greenhouse,winter,45.9,33.2,1.123,960.4,19.94,801,26.8,22.3,64,moderate_stress
php_01274,rose,garden,monsoon,38,82.7,1.983,807.9,19.17,31,50.3,9.1,27,high_stress
php_01275,pothos,shade_house,autumn,36.3,31.2,1.364,837.1,19.76,535,43.5,22.9,66,moderate_stress
php_01276,rose,garden,winter,50.1,32.8,1.535,791.6,19.04,311,53.5,14.9,66,moderate_stress
php_01277,snake_plant,shade_house,winter,50.5,34,1.526,1212.3,18.55,143,29.5,30.2,47,high_stress
php_01278,lettuce,hydroponic,summer,40.4,48.3,0.055,423,18.51,469,75.4,29.8,74,moderate_stress
php_01279,rose,garden,summer,76.2,67.9,0.888,907.5,19.48,386,21.5,9.2,47,high_stress
php_01280,pothos,shade_house,summer,64.7,62.2,1.397,1028.5,18.71,1015,80,13.8,48,high_stress
php_01281,snake_plant,indoor,autumn,70.6,41.4,0.659,709.6,19.05,795,46.4,14.1,62,moderate_stress
php_01282,aloe_vera,arid_garden,autumn,26.5,19.9,1.611,1169.8,19.57,309,53.2,37.4,58,moderate_stress
php_01283,tomato,greenhouse,winter,28.5,62.6,2.356,1112.6,20.65,758,56.4,23.5,68,moderate_stress
php_01284,tomato,garden,summer,75.3,44.7,2.388,1199,21.11,263,61.2,24.6,67,moderate_stress
php_01285,lettuce,greenhouse,autumn,54.9,85.4,0.078,346.3,18.5,415,69.6,25.3,79,moderate_stress
php_01286,mint,indoor,monsoon,42.9,15.8,0.927,741.4,18.22,943,33.1,14.3,32,high_stress
php_01287,lettuce,hydroponic,monsoon,28,32.4,1.7,972.4,21.45,377,35.7,20.9,43,high_stress
php_01288,aloe_vera,indoor,winter,57.7,31.5,1.189,1065.2,18.78,938,69.2,12.1,67,moderate_stress
php_01289,lettuce,greenhouse,autumn,25.6,66.4,1.458,1128.9,20.86,267,66.2,8.6,63,moderate_stress
php_01290,tomato,garden,autumn,58.2,37.1,1.578,379.2,19.07,523,73.4,30.8,66,moderate_stress
php_01291,rose,greenhouse,autumn,65.5,26.7,1.456,780.6,21.45,52,69.8,36.7,40,high_stress
php_01292,snake_plant,indoor,monsoon,71.1,12.7,1.512,458,19.03,666,72.1,20.4,61,moderate_stress
php_01293,snake_plant,indoor,summer,57.5,79.2,2.063,898.6,19.44,194,73.3,25.6,53,high_stress
php_01294,pothos,shade_house,spring,79,61.9,1.908,674.5,21.16,852,96.2,18.2,67,moderate_stress
php_01295,aloe_vera,indoor,autumn,35.5,40.4,1.232,1086.6,20.63,628,26.5,19.5,63,moderate_stress
php_01296,snake_plant,indoor,spring,30.1,76.4,2.073,600.2,19.8,695,29.6,36.6,14,high_stress
php_01297,tomato,greenhouse,monsoon,49.1,79,0.213,1174.1,18.97,538,53.2,27.5,68,moderate_stress
php_01298,aloe_vera,arid_garden,spring,60.1,40.7,0.497,1052.2,20.26,372,62.1,22.3,89,healthy
php_01299,rose,garden,winter,59.5,8.6,0.679,338.6,18.33,936,26.3,23.9,36,high_stress
php_01300,pothos,indoor,autumn,27.6,75.3,2.058,828.8,18.57,867,67.5,33.4,37,high_stress
php_01301,lettuce,greenhouse,monsoon,46.3,40.7,0.755,1113.8,21.39,95,68.3,18.4,67,moderate_stress
php_01302,tomato,greenhouse,monsoon,89.3,54.9,1.63,1092,21.05,59,66.1,36.4,56,moderate_stress
php_01303,aloe_vera,arid_garden,spring,50.4,47.2,2.456,806,18.81,715,57.1,14.4,54,high_stress
php_01304,snake_plant,indoor,winter,37.4,31.3,1.595,837.3,21.18,544,93.2,12.6,74,moderate_stress
php_01305,rose,greenhouse,summer,82.5,35.8,0.53,678.2,21.47,1018,56,8.4,78,moderate_stress
php_01306,basil,greenhouse,spring,90.1,66.2,0.767,931.8,19.57,380,31.6,14,58,moderate_stress
php_01307,aloe_vera,arid_garden,summer,36.1,38.2,0.204,701.4,20.32,545,69.5,27.6,100,healthy
php_01308,basil,garden,monsoon,30.8,49.2,2.219,1078.7,21.03,539,50.1,18,72,moderate_stress
php_01309,mint,greenhouse,summer,88.1,63.1,1.343,1033,19.04,809,83.7,26.9,71,moderate_stress
php_01310,lettuce,greenhouse,summer,76.1,74.7,0.012,750.1,18.69,243,45.9,32.5,60,moderate_stress
php_01311,mint,garden,spring,68.6,34.6,1.509,1023.6,20.7,792,71.7,36.1,54,high_stress
php_01312,rose,greenhouse,monsoon,92.7,64.7,2.342,407.3,21.14,70,93.2,28.9,60,moderate_stress
php_01313,snake_plant,indoor,spring,76.4,43.5,0.431,350.8,21.22,203,44.1,15.4,85,healthy
php_01314,rose,greenhouse,autumn,60.3,32.6,1.08,1168,20.49,899,55.3,36.1,64,moderate_stress
php_01315,lettuce,hydroponic,monsoon,64.9,8.6,0.875,440.1,19.59,558,64.4,21.1,58,moderate_stress
php_01316,lettuce,greenhouse,winter,55.6,85.8,0.225,1081.8,19.92,674,43.6,32.6,58,moderate_stress
php_01317,aloe_vera,indoor,winter,52.4,61.2,0.93,654.2,18.3,125,69.8,20.7,47,high_stress
php_01318,lettuce,greenhouse,winter,33.9,84.5,0.765,892.3,18.63,925,39.8,28.7,40,high_stress
php_01319,basil,indoor,spring,61.1,11.5,0.191,1209.2,20.76,592,56,16.1,63,moderate_stress
php_01320,tomato,garden,autumn,29.3,23.5,1.941,887.6,20.04,182,44.1,8,19,high_stress
php_01321,lettuce,hydroponic,summer,60.5,30.4,2.35,858.3,19,638,68.4,28.2,46,high_stress
php_01322,aloe_vera,arid_garden,spring,82.3,70.4,1.414,797.5,20.4,124,28.2,27.6,34,high_stress
php_01323,pothos,indoor,monsoon,52.9,85.6,1.699,383,21.14,252,77.3,29.2,64,moderate_stress
php_01324,tomato,garden,summer,34.9,14.7,1.847,899.1,20.77,604,93.3,28.7,59,moderate_stress
php_01325,lettuce,greenhouse,autumn,25.2,18.1,1.034,852.6,19.74,877,57.9,35.1,23,high_stress
php_01326,rose,greenhouse,summer,87.9,12.9,1.387,648.8,19.3,463,33.1,15.9,43,high_stress
php_01327,tomato,greenhouse,summer,43.2,13.7,0.965,1249.6,19.69,421,36.7,27.1,38,high_stress
php_01328,basil,indoor,monsoon,52.1,89.1,0.554,362.6,20.32,125,61.6,36,53,high_stress
php_01329,lettuce,greenhouse,summer,74,75,0.636,984.2,20.14,975,21.2,33.1,50,high_stress
php_01330,rose,greenhouse,autumn,53.2,29.5,0.536,424,20.42,50,66.1,16.2,74,moderate_stress
php_01331,aloe_vera,arid_garden,monsoon,89.2,51.8,2.347,855.4,19.7,468,55.4,37.6,50,high_stress
php_01332,rose,garden,monsoon,66.6,82,0.393,778.5,21.32,980,25.4,31.9,50,high_stress
php_01333,pothos,indoor,autumn,33.4,66.6,0.085,619.8,18.63,1009,81,21.8,67,moderate_stress
php_01334,rose,garden,winter,79.5,82,0.665,716.6,19.59,1017,72.6,13.4,80,healthy
php_01335,snake_plant,shade_house,summer,74.2,22,1.961,528.1,21.13,169,82,12.9,71,moderate_stress
php_01336,tomato,garden,winter,48.5,39.2,0.886,783.8,19.95,464,42.7,32.6,73,moderate_stress
php_01337,pothos,indoor,winter,27.9,77.6,1.553,388.7,21.39,936,35.6,22.1,37,high_stress
php_01338,lettuce,hydroponic,summer,69.4,53,1.004,377.9,18.86,519,26.5,28.1,57,moderate_stress
php_01339,rose,greenhouse,winter,31,45,0.655,759.1,19.57,638,67.7,22.9,82,healthy
php_01340,snake_plant,shade_house,spring,68.6,48.1,1.712,1154.7,21.41,792,87.7,21.1,64,moderate_stress
php_01341,mint,indoor,spring,44.5,79.4,0.928,744.7,21.44,530,93.1,28.6,86,healthy
php_01342,pothos,shade_house,spring,49.9,69.2,1.176,599.7,18.85,604,26,9.3,32,high_stress
php_01343,basil,garden,autumn,51,43.8,1.971,685.4,18.45,297,61.2,28.3,69,moderate_stress
php_01344,aloe_vera,indoor,monsoon,70.3,68.1,0.679,609.1,19.03,104,65.7,20.9,54,high_stress
php_01345,basil,greenhouse,spring,49.7,88.4,0.778,529.1,20.78,318,86.5,23.4,72,moderate_stress
php_01346,pothos,indoor,spring,82,85.7,1.665,716.7,21.05,206,67.9,28,59,moderate_stress
php_01347,tomato,garden,winter,55.9,65.7,0.121,333,21.36,766,63.9,13.2,85,healthy
php_01348,aloe_vera,arid_garden,autumn,54.6,90,1.691,809.2,19.71,348,68.8,18.8,37,high_stress
php_01349,snake_plant,indoor,monsoon,35.9,79.2,0.823,1052.8,19.41,519,49.3,19.1,51,high_stress
php_01350,pothos,shade_house,winter,32.4,45.4,1.786,448.9,20.18,49,62.7,20,87,healthy
php_01351,pothos,indoor,monsoon,52.3,31.8,0.451,1018.7,21.16,849,44.8,29.1,70,moderate_stress
php_01352,tomato,garden,summer,58.6,48.3,0.215,1243.7,19.75,263,70,37.9,59,moderate_stress
php_01353,mint,indoor,spring,69.8,61.4,0.902,979.2,20.93,985,69.7,11.5,82,healthy
php_01354,basil,indoor,autumn,34.4,37.5,0.153,1224.6,19.63,596,90,9.3,62,moderate_stress
php_01355,lettuce,greenhouse,autumn,40.7,59.4,2.41,1152.9,18.72,438,35.4,27.4,37,high_stress
php_01356,snake_plant,shade_house,winter,65.2,62.9,1.255,550.6,20.32,285,99,31.2,74,moderate_stress
php_01357,aloe_vera,indoor,winter,63.4,74.6,1.443,406.6,18.28,146,66.2,23.2,36,high_stress
php_01358,snake_plant,shade_house,spring,52.9,46.8,0.148,1062,20.57,998,93.1,30.8,78,moderate_stress
php_01359,snake_plant,shade_house,monsoon,63.2,47.3,0.022,1242.1,18.62,457,64.7,22.5,75,moderate_stress
php_01360,mint,indoor,winter,50.3,22.9,2.315,599.5,19.83,498,96.4,14,50,high_stress
php_01361,pothos,indoor,spring,28.4,18.8,1.431,350.2,19.14,906,42.3,26.7,39,high_stress
php_01362,basil,garden,monsoon,69.4,30.1,0.392,492.7,20.88,1017,54,23.9,79,moderate_stress
php_01363,mint,greenhouse,winter,44.1,80.3,2.349,611.4,21.47,807,94.5,15.5,66,moderate_stress
php_01364,lettuce,hydroponic,winter,30.3,74.5,1.371,454.3,19.51,570,89.5,18,82,healthy
php_01365,rose,greenhouse,winter,54.7,60,1.376,385.4,18.47,647,21.5,17,48,high_stress
php_01366,aloe_vera,indoor,monsoon,60.8,75.2,0.208,1123.4,20.76,958,88.7,25.4,61,moderate_stress
php_01367,lettuce,hydroponic,autumn,44,14.6,1.468,566.8,19.62,312,33.9,36.6,9,high_stress
php_01368,rose,greenhouse,spring,40.4,41.2,2.338,455.3,19.08,689,46.8,13.3,60,moderate_stress
php_01369,mint,indoor,autumn,82.1,50.4,1.283,889.6,20.61,111,62.7,25.5,80,healthy
php_01370,basil,indoor,winter,46.4,68.2,0.096,519,18.35,625,62,32.5,72,moderate_stress
php_01371,lettuce,greenhouse,spring,31.4,45.9,0.43,1118,19.23,621,74.9,8.8,72,moderate_stress
php_01372,basil,garden,monsoon,44.4,74.9,0.542,782.4,19.01,504,53.1,12.5,69,moderate_stress
php_01373,mint,garden,winter,85.2,15.7,1.122,685.4,18.4,354,34.4,12.5,24,high_stress
php_01374,snake_plant,indoor,summer,66.9,15.6,2.198,884.7,18.65,241,82.5,16.2,67,moderate_stress
php_01375,pothos,shade_house,autumn,68.2,48.9,1.238,460.7,19.4,194,66.8,30.6,79,moderate_stress
php_01376,pothos,shade_house,monsoon,50.7,77,0.684,936.8,19.46,54,84.5,23.3,77,moderate_stress
php_01377,aloe_vera,arid_garden,autumn,52.4,68,1.293,1122.3,18.62,698,30.5,30.6,28,high_stress
php_01378,snake_plant,indoor,spring,93.2,40,0.767,1188.6,19.26,394,37.7,24.2,56,moderate_stress
php_01379,tomato,greenhouse,summer,80.9,64.2,0.308,899.1,21.08,195,91.7,29.4,84,healthy
php_01380,pothos,indoor,autumn,91.1,20.7,2.312,1064.1,19.32,706,23.5,31.8,15,high_stress
php_01381,aloe_vera,arid_garden,spring,32.9,72.1,0.597,959.8,21.08,656,65,27.8,62,moderate_stress
php_01382,snake_plant,indoor,spring,74.4,46.5,0.139,1244.1,19.23,976,88.8,14.1,63,moderate_stress
php_01383,aloe_vera,arid_garden,spring,46.4,46.5,1.445,968.6,19.42,457,79,14.7,66,moderate_stress
php_01384,mint,greenhouse,autumn,61,28.5,0.29,516.4,18.42,119,73.9,15.4,60,moderate_stress
php_01385,snake_plant,shade_house,spring,46.5,51.3,1.707,449.6,20.95,865,86.7,10.7,62,moderate_stress
php_01386,pothos,indoor,winter,54,45.5,0.198,1193,21.37,132,45.9,16.7,85,healthy
php_01387,pothos,indoor,summer,39,24.3,1.304,437.9,19.24,418,60.9,30.8,71,moderate_stress
php_01388,pothos,shade_house,spring,43,38.7,0.264,1015.3,19.8,135,55.9,16.3,90,healthy
php_01389,mint,garden,spring,61.7,17.4,1.631,818.4,20.9,42,74.8,27.3,48,high_stress
php_01390,lettuce,hydroponic,monsoon,79.1,65.8,1.844,987,21.31,155,22.9,28.8,42,high_stress
php_01391,aloe_vera,arid_garden,summer,71.4,12.3,2.365,712.1,20.79,44,27.2,20.4,49,high_stress
php_01392,aloe_vera,arid_garden,monsoon,78.1,46.4,1.633,613.7,18.83,752,60.9,34.2,63,moderate_stress
php_01393,pothos,indoor,autumn,43.2,48.1,2.187,990,20.17,879,53.4,30.5,64,moderate_stress
php_01394,pothos,shade_house,autumn,41.5,67.5,2.467,790.9,19.64,471,52.5,26.4,68,moderate_stress
php_01395,lettuce,hydroponic,autumn,72.6,88.3,0.901,634.6,18.75,767,20.2,17.5,48,high_stress
php_01396,rose,greenhouse,spring,75.5,16.3,0.519,538.9,18.6,63,66.6,10.1,50,high_stress
php_01397,tomato,garden,autumn,68.8,35.6,0.467,748.2,20.14,56,26.7,11.1,42,high_stress
php_01398,snake_plant,shade_house,monsoon,69.2,18.7,1.411,465.2,20.91,558,21.4,8.2,45,high_stress
php_01399,pothos,shade_house,autumn,73.5,60.2,2.441,569.9,20.97,455,69.6,10.3,59,moderate_stress
php_01400,tomato,garden,spring,66.7,41.7,0.23,994.9,19.06,158,32.3,18.4,60,moderate_stress
php_01401,mint,greenhouse,monsoon,31.2,9.8,1.809,1138.9,20.02,89,73.9,11,20,high_stress
php_01402,rose,greenhouse,monsoon,91.8,54.6,0.445,888,19.37,877,84.9,8.2,77,moderate_stress
php_01403,tomato,garden,autumn,47.5,34.9,2.246,966.1,21.02,300,48.1,14.8,51,high_stress
php_01404,aloe_vera,arid_garden,monsoon,46.1,11.2,1.737,644.7,19.27,101,73.3,10.9,52,high_stress
php_01405,lettuce,greenhouse,spring,30.7,50.7,0.263,1192.8,19.08,335,44.6,15.9,65,moderate_stress
php_01406,pothos,indoor,autumn,25.2,62,1.73,677.9,21.08,823,42.3,19.2,63,moderate_stress
php_01407,lettuce,hydroponic,summer,26.9,85.1,0.775,917.3,20.33,787,85.5,27.8,76,moderate_stress
php_01408,rose,greenhouse,winter,87.4,13.7,1.635,693.1,19.63,843,76.4,9.7,52,high_stress
php_01409,basil,garden,autumn,77.6,37.9,1.563,1088.2,18.95,900,53,29.1,64,moderate_stress
php_01410,aloe_vera,indoor,winter,26.5,84.7,0.79,1196.4,19.73,649,71.7,35.7,33,high_stress
php_01411,pothos,indoor,spring,81,80.1,1.652,406.3,20.48,636,24.6,9.6,23,high_stress
php_01412,mint,garden,autumn,46.1,87.5,0.118,689.2,20.89,186,34.7,30.1,67,moderate_stress
php_01413,tomato,greenhouse,winter,71,54.7,1.091,712.9,19.27,592,93.7,24.1,81,healthy
php_01414,rose,greenhouse,autumn,58.2,71.8,1.979,510.7,18.75,410,24.9,37.1,20,high_stress
php_01415,aloe_vera,arid_garden,spring,88,8.8,2.138,706.7,18.92,713,75.4,17.6,69,moderate_stress
php_01416,rose,garden,autumn,89.9,50.5,1.443,768.5,19.83,672,62.7,33.9,75,moderate_stress
php_01417,tomato,garden,spring,52.5,55.7,1.852,987.2,19.98,830,56.4,18,82,healthy
php_01418,basil,greenhouse,summer,73.7,37.1,1.451,1155.6,20.35,897,82.6,31,70,moderate_stress
php_01419,rose,greenhouse,winter,58.2,56.6,1.095,1105.9,21.1,989,30.9,9.4,62,moderate_stress
php_01420,aloe_vera,indoor,spring,56,69.7,1.901,1135.9,21.37,580,91,32.5,50,high_stress
php_01421,basil,greenhouse,spring,47.4,25.3,2.437,585.9,20.27,618,60.7,24.4,65,moderate_stress
php_01422,lettuce,hydroponic,spring,64.8,53.7,0.126,416.5,21.21,593,49.4,35.9,63,moderate_stress
php_01423,snake_plant,indoor,summer,43.5,26,1.962,1147.3,19.68,478,81.2,35.6,59,moderate_stress
php_01424,pothos,indoor,autumn,50.8,82.1,0.286,627.9,21.1,816,41.9,10.1,43,high_stress
php_01425,tomato,greenhouse,monsoon,42.6,54.6,2.494,941.5,20.84,455,71.4,36.8,57,moderate_stress
php_01426,pothos,indoor,monsoon,39.9,84.6,1.663,851.7,21.33,577,88.6,34.7,45,high_stress
php_01427,basil,indoor,winter,46.8,69.9,0.716,1032.7,19.88,152,29.5,13.2,54,high_stress
php_01428,aloe_vera,arid_garden,monsoon,83.1,34.9,0.863,795.2,20.71,879,83.6,26.7,94,healthy
php_01429,aloe_vera,indoor,winter,34.2,8.3,0.699,1126.2,19.61,284,73.3,11.5,64,moderate_stress
php_01430,snake_plant,shade_house,spring,71.9,60.4,0.426,574.8,19.71,491,97.6,17.9,81,healthy
php_01431,rose,greenhouse,summer,69.4,30.1,1.345,1105.1,18.64,899,26,8.6,29,high_stress
php_01432,basil,indoor,spring,42.6,45.2,1.338,785.2,20.38,785,86,21.2,89,healthy
php_01433,snake_plant,shade_house,monsoon,75.1,11.6,0.221,1014.2,20.54,426,86.3,30.8,86,healthy
php_01434,mint,greenhouse,autumn,69.1,37.3,1.953,1017.5,19.93,461,42.2,26.3,62,moderate_stress
php_01435,basil,indoor,autumn,89.6,88.5,1.317,411,20.08,474,24,10.9,26,high_stress
php_01436,basil,greenhouse,spring,92.5,66.3,0.823,504.3,21.03,1005,35.1,34.7,57,moderate_stress
php_01437,tomato,greenhouse,spring,46.3,35.2,1.693,764.9,19.42,527,20.5,16.1,34,high_stress
php_01438,pothos,shade_house,autumn,30,28.4,0.925,892,19.18,45,52.3,14.4,69,moderate_stress
php_01439,aloe_vera,indoor,winter,40.8,23.7,2.047,783,21.33,393,34.1,34.6,62,moderate_stress
php_01440,pothos,indoor,summer,26.7,46.9,0.309,1020.9,20.01,415,48.2,13.5,77,moderate_stress
php_01441,lettuce,hydroponic,spring,49.3,53.9,1.179,1224.7,19.36,482,90.8,11.3,82,healthy
php_01442,tomato,greenhouse,autumn,90.6,80.6,1.636,1193.2,20.48,155,36.7,13.6,33,high_stress
php_01443,snake_plant,shade_house,autumn,66.4,25.9,1.867,802.3,21.29,904,59.5,13.4,60,moderate_stress
php_01444,basil,indoor,autumn,76.5,89.8,0.634,367.4,19.96,210,69.2,32.2,60,moderate_stress
php_01445,aloe_vera,arid_garden,winter,39.5,41.7,0.646,650.1,19.83,380,32.5,15.3,61,moderate_stress
php_01446,aloe_vera,indoor,winter,88.9,23.4,0.958,1001.5,18.4,1011,97.8,25,67,moderate_stress
php_01447,tomato,garden,winter,83.9,36.1,1.494,801,19.73,926,31,22.7,58,moderate_stress
php_01448,basil,indoor,monsoon,60.7,36.7,0.45,382.8,21.18,860,43.1,37,65,moderate_stress
php_01449,aloe_vera,indoor,summer,80.9,48.4,0.928,629.7,18.91,437,75.7,25.8,66,moderate_stress
php_01450,pothos,shade_house,monsoon,26.3,37.6,1.315,645.3,21.17,89,67,33.1,78,moderate_stress
php_01451,basil,greenhouse,summer,39.4,68.5,1.999,504.8,19.44,966,62.1,22.9,74,moderate_stress
php_01452,snake_plant,shade_house,monsoon,54.2,37.4,1.693,675.3,20.56,62,91.2,8.5,70,moderate_stress
php_01453,snake_plant,indoor,summer,48.1,31.1,2.2,966.9,18.93,937,80.8,22,51,high_stress
php_01454,lettuce,greenhouse,monsoon,46,76.5,1.147,1183.4,19.91,1002,79.5,18.1,78,moderate_stress
php_01455,basil,greenhouse,spring,93.3,41.6,0.276,355.5,18.67,75,63.6,22.9,71,moderate_stress
php_01456,aloe_vera,indoor,winter,90.8,52.4,0.051,865,20.55,623,46.3,35.2,64,moderate_stress
php_01457,lettuce,hydroponic,summer,88.4,12.1,1.942,1002.5,18.75,182,33.2,37.9,0,high_stress
php_01458,lettuce,hydroponic,spring,66.5,24.6,0.383,1127.6,20.65,522,29.2,29.9,38,high_stress
php_01459,mint,indoor,winter,46.1,19.4,2.009,993.6,19.98,757,79.2,32.6,38,high_stress
php_01460,tomato,garden,summer,71.9,11.8,0.433,986,21.4,466,27.4,26.4,45,high_stress
php_01461,rose,greenhouse,monsoon,47.3,74.7,0.411,937.1,19.42,391,58.3,25.3,81,healthy
php_01462,lettuce,hydroponic,summer,36,20.3,0.906,525,20.13,440,64,20.5,68,moderate_stress
php_01463,aloe_vera,indoor,summer,76.6,41.5,2.145,900.3,19.31,956,60,16.5,65,moderate_stress
php_01464,tomato,greenhouse,monsoon,90.5,56.3,2.439,969.1,20.22,516,54.8,25.4,67,moderate_stress
php_01465,tomato,greenhouse,autumn,68.9,29.6,1.109,393.4,19.76,681,36.7,17.1,63,moderate_stress
php_01466,aloe_vera,arid_garden,spring,49,41.2,2.023,440.6,21.34,548,40.6,37.7,60,moderate_stress
php_01467,mint,garden,summer,29.8,36.8,0.357,480.7,21.44,949,39.6,26.7,68,moderate_stress
php_01468,basil,greenhouse,spring,64.5,39.9,0.827,1044.2,19.83,661,65.3,12.5,74,moderate_stress
php_01469,mint,greenhouse,autumn,90.8,65.9,1.25,659.3,18.69,985,99,20.4,64,moderate_stress
php_01470,mint,garden,summer,48.3,62.7,0.935,599.9,19.23,568,99.3,27.7,80,healthy
php_01471,basil,garden,summer,85.7,63.8,1.519,625.7,19.15,306,69.5,35.9,63,moderate_stress
php_01472,snake_plant,shade_house,autumn,60,17,0.983,1223,21.11,686,86.9,8.3,57,moderate_stress
php_01473,rose,greenhouse,spring,29.4,89.8,2.232,489.6,20.77,989,80.8,29.3,48,high_stress
php_01474,pothos,indoor,summer,80,52.8,0.706,711.6,19.52,86,39.6,28.8,75,moderate_stress
php_01475,snake_plant,shade_house,winter,47.5,59.7,1.168,355,18.64,803,73.3,10.7,46,high_stress
php_01476,snake_plant,indoor,summer,63,73.1,1.888,781.5,18.67,211,93.9,26.7,50,high_stress
php_01477,rose,greenhouse,spring,35.1,47.7,0.101,1109.2,18.7,75,98,8.6,48,high_stress
php_01478,lettuce,greenhouse,winter,64.5,49.1,0.727,869.3,21.15,475,54.5,33.9,69,moderate_stress
php_01479,pothos,indoor,summer,78.9,81.4,0.979,899.1,18.64,405,22.6,14.5,26,high_stress
php_01480,basil,garden,summer,26.6,73.7,1.59,502,19.64,613,22.1,28.2,54,high_stress
php_01481,mint,greenhouse,monsoon,55.6,85.2,1.025,1095.1,18.65,236,81.4,26.3,64,moderate_stress
php_01482,basil,indoor,monsoon,51.2,71.8,2.191,1034.9,18.55,867,26.1,34,30,high_stress
php_01483,rose,greenhouse,spring,62,54.2,1.73,582.2,19.28,153,31.4,11,45,high_stress
php_01484,lettuce,hydroponic,summer,56.5,69.2,0.167,1236.3,19.52,993,23.3,22.7,61,moderate_stress
php_01485,lettuce,hydroponic,winter,91.4,49.3,1.761,459.2,19.43,58,32,27.3,39,high_stress
php_01486,aloe_vera,arid_garden,spring,58.7,36.3,1.059,520.6,20.4,70,20.1,31.5,57,moderate_stress
php_01487,basil,indoor,winter,58.4,12.5,1.272,744.6,21.13,132,51.2,26.9,51,high_stress
php_01488,snake_plant,indoor,summer,44.5,43.9,0.204,627.8,20.95,100,81,23,100,healthy
php_01489,lettuce,hydroponic,spring,35.6,58.3,0.121,1050.7,21.41,612,35.7,26,70,moderate_stress
php_01490,rose,garden,spring,53.7,76.2,1.029,1151.6,18.92,482,61.2,22.9,70,moderate_stress
php_01491,rose,greenhouse,winter,80.5,13,2.496,625,20.79,399,46.3,15.2,46,high_stress
php_01492,basil,garden,summer,60.8,74.4,2.254,874.1,19.49,243,24.8,27.8,46,high_stress
php_01493,aloe_vera,arid_garden,monsoon,66.6,85.6,0.444,518.7,18.83,432,38.6,29.9,31,high_stress
php_01494,snake_plant,shade_house,monsoon,66.7,46.4,1.502,1228.5,18.53,85,67.7,12.1,57,moderate_stress
php_01495,lettuce,greenhouse,spring,70.6,47.6,1.306,523.3,19.77,926,88.4,18.6,80,healthy
php_01496,snake_plant,indoor,winter,56.8,79.4,0.311,849.4,19.08,273,25.7,34.4,31,high_stress
php_01497,tomato,greenhouse,winter,74.5,37.5,1.563,994.4,18.58,412,22,22.3,39,high_stress
php_01498,rose,garden,summer,33.1,9.4,0.557,529.8,18.32,323,27,23.5,30,high_stress
php_01499,snake_plant,shade_house,winter,85.5,38,2.083,362.8,20.21,539,51.8,32,71,moderate_stress
php_01500,aloe_vera,indoor,summer,49.9,59.4,2.279,1107,21.12,490,51,22.7,49,high_stress
php_01501,snake_plant,indoor,spring,53.4,75.5,2.275,1213.9,19.42,770,97,36,18,high_stress
php_01502,snake_plant,shade_house,summer,47.3,67,0.413,714.5,20.89,88,90.3,25.3,84,healthy
php_01503,rose,garden,summer,68.4,76.6,0.655,1013.1,20.5,830,28.5,16.4,68,moderate_stress
php_01504,aloe_vera,indoor,autumn,33.6,10.5,0.435,602.3,20.11,594,39.3,27.5,81,healthy
php_01505,mint,garden,autumn,80,37.2,1.81,600.6,20.78,984,39.9,15.5,56,moderate_stress
php_01506,tomato,garden,spring,65.4,26.2,0.403,1124.4,21.47,618,27.3,32.4,52,high_stress
php_01507,lettuce,greenhouse,summer,34.4,11.8,2.27,1012.1,20.86,141,22.9,31.2,0,high_stress
php_01508,mint,greenhouse,autumn,93.6,83,1.909,774.3,19.16,616,75.7,32,56,moderate_stress
php_01509,tomato,greenhouse,spring,85.1,87.7,0.296,587.9,18.45,724,27.3,11.3,31,high_stress
php_01510,basil,indoor,autumn,90.2,51,2.439,1026.9,20.07,470,41.9,29.6,59,moderate_stress
php_01511,tomato,greenhouse,spring,48.7,16.1,2.058,648.9,19.01,446,47.1,8,16,high_stress
php_01512,aloe_vera,indoor,autumn,41.1,84,1.639,429,19.02,853,86.5,10.9,22,high_stress
php_01513,tomato,greenhouse,winter,38.6,57.6,1.733,421.1,20.09,780,90.5,11.8,61,moderate_stress
php_01514,basil,garden,monsoon,81.1,82.8,1.483,937.1,20.4,429,66.7,14.9,71,moderate_stress
php_01515,pothos,indoor,monsoon,67.1,89.9,0.504,526.1,19.06,344,55.7,33.5,51,high_stress
php_01516,rose,greenhouse,summer,81.6,46.7,0.352,741.7,20.37,820,94.2,33.6,90,healthy
php_01517,pothos,indoor,winter,66.6,12.9,1.96,1240.6,21.04,1016,51.1,17.5,40,high_stress
php_01518,aloe_vera,arid_garden,winter,70.3,81,1.016,1180.8,19.02,459,98.1,12.2,27,high_stress
php_01519,pothos,indoor,winter,52.6,55.7,1.415,1042.3,20.55,950,40.9,32.5,52,high_stress
php_01520,rose,greenhouse,autumn,34.2,61,0.024,1059.1,19.5,173,72.8,37.1,55,moderate_stress
php_01521,snake_plant,indoor,autumn,84.3,84.9,1.621,964,19.81,311,95.7,23.4,43,high_stress
php_01522,lettuce,hydroponic,monsoon,72.2,18.6,1.003,456.5,20.76,638,51.3,24.8,62,moderate_stress
php_01523,snake_plant,indoor,winter,91.5,45,2.392,954.8,20.72,873,47.6,21,51,high_stress
php_01524,aloe_vera,indoor,summer,68.7,22.3,1.855,1142.3,20.43,637,42.7,19.2,66,moderate_stress
php_01525,mint,indoor,winter,50.7,55.7,1.636,1128.9,20.38,461,71.1,32.4,69,moderate_stress
php_01526,snake_plant,indoor,summer,62,40.6,0.868,838.3,21.18,102,95.5,18.5,100,healthy
php_01527,aloe_vera,arid_garden,winter,27.3,83.7,0.293,541.9,20.09,120,28.1,29.7,31,high_stress
php_01528,aloe_vera,arid_garden,summer,63.8,36.9,1.732,648.9,20.75,980,85.4,21.8,88,healthy
php_01529,aloe_vera,indoor,spring,84.9,9,1.172,854.9,21.22,168,59,8.7,56,moderate_stress
php_01530,lettuce,greenhouse,winter,92,48.9,2.457,818.2,18.77,959,28.4,24.6,40,high_stress
php_01531,mint,garden,monsoon,59.8,86.4,1.707,1085.4,21.43,41,97.5,26.7,60,moderate_stress
php_01532,tomato,greenhouse,autumn,67.7,88.2,0.703,455.7,20.43,919,38.8,23.9,69,moderate_stress
php_01533,mint,indoor,autumn,30.8,78.7,0.608,926.5,20.88,929,71.3,10.1,76,moderate_stress
php_01534,rose,greenhouse,summer,63.1,25.1,0.511,1228.5,20.52,273,92,33,60,moderate_stress
php_01535,pothos,shade_house,autumn,33.6,15.5,0.921,673.1,18.83,281,68.1,20.8,62,moderate_stress
php_01536,lettuce,hydroponic,monsoon,70,31.8,0.443,1221.4,20.81,69,72.4,14.7,70,moderate_stress
php_01537,pothos,shade_house,monsoon,56.1,34,2.003,515.7,20.28,1019,65,22.2,72,moderate_stress
php_01538,lettuce,greenhouse,winter,48.4,25.9,0.63,1044.5,21.05,937,26.6,35.3,26,high_stress
php_01539,aloe_vera,arid_garden,winter,37.5,40.3,0.388,1041.6,19.76,708,25.1,14.7,61,moderate_stress
php_01540,lettuce,greenhouse,monsoon,49.1,82.8,1.222,1028.6,20.27,857,61.5,36.7,48,high_stress
php_01541,lettuce,hydroponic,autumn,79,12.2,2.071,344,18.33,395,37.1,30.6,3,high_stress
php_01542,pothos,shade_house,monsoon,64.1,13.1,2.247,547.1,21.41,679,46.8,8.3,25,high_stress
php_01543,aloe_vera,arid_garden,spring,38,39.4,1.194,618.2,20.94,359,21.3,17.9,62,moderate_stress
php_01544,snake_plant,indoor,winter,88.5,72,2.375,386.7,19.8,519,83.2,18.8,38,high_stress
php_01545,rose,greenhouse,summer,91.9,21.6,0.142,1245.5,20.84,632,39.7,34.5,45,high_stress
php_01546,mint,indoor,spring,48.6,13.4,1.593,804.8,21.44,941,55.6,16.6,46,high_stress
php_01547,snake_plant,indoor,monsoon,65,88,1.034,444.2,20.5,351,91.8,30.2,58,moderate_stress
php_01548,tomato,greenhouse,summer,79.5,15.2,0.274,794.4,18.67,964,30.8,29.8,40,high_stress
php_01549,lettuce,hydroponic,summer,70.2,18.5,1.136,888.9,19.69,886,34.9,29.9,31,high_stress
php_01550,aloe_vera,arid_garden,spring,47.6,30.6,2.168,396.8,18.75,857,60.3,16,72,moderate_stress
php_01551,basil,indoor,summer,51.6,42.6,2.17,896.5,20.3,847,29.6,24.4,67,moderate_stress
php_01552,basil,indoor,winter,44.3,26.1,1.288,541.8,19.98,770,28.7,20.9,61,moderate_stress
php_01553,pothos,shade_house,monsoon,89.4,65.7,1.031,620.2,21.46,821,70.1,22.3,69,moderate_stress
php_01554,basil,greenhouse,monsoon,54.5,40.8,0.208,415.1,20.87,173,26.6,16.6,67,moderate_stress
php_01555,aloe_vera,arid_garden,monsoon,89.2,27.6,1.91,1170.8,18.2,989,40,19.7,49,high_stress
php_01556,pothos,indoor,summer,45.5,65,2.262,633.4,19.76,89,48,19.2,65,moderate_stress
php_01557,tomato,garden,monsoon,26.9,81.8,2.329,345.4,20.04,533,52.5,10.3,37,high_stress
php_01558,rose,garden,summer,58,69,0.156,1187.2,21.13,174,54.2,35.9,58,moderate_stress
php_01559,rose,greenhouse,spring,60.5,21,0.57,603.9,20.34,827,36.1,34.6,49,high_stress
php_01560,mint,garden,monsoon,27,15.5,0.979,590.4,19.11,580,80.9,21.1,49,high_stress
php_01561,aloe_vera,indoor,monsoon,93.2,81.9,2.027,772.7,18.66,501,84.6,28.3,24,high_stress
php_01562,lettuce,greenhouse,autumn,89.3,20.5,0.127,838.4,20.73,646,71.7,22.1,70,moderate_stress
php_01563,rose,greenhouse,monsoon,32.1,12.2,1.947,916,20.22,255,53.4,10.4,30,high_stress
php_01564,tomato,greenhouse,spring,67.7,89.8,1.629,693,19.9,388,75.8,34.7,50,high_stress
php_01565,mint,garden,monsoon,50.4,8.3,2.087,1054.9,19.02,524,78.9,10.1,20,high_stress
php_01566,pothos,indoor,summer,62.8,85.2,2.381,1214.7,21.1,805,91.4,16.9,44,high_stress
php_01567,tomato,garden,summer,26,79.7,1.282,1093.5,20.83,947,25.1,33.9,44,high_stress
php_01568,snake_plant,shade_house,autumn,84.4,85.5,0.283,543.2,20.38,33,32.8,33.4,35,high_stress
php_01569,mint,greenhouse,winter,88.5,53.7,2.402,1032.5,20.18,652,93,11.5,66,moderate_stress
php_01570,rose,greenhouse,summer,30.5,76.7,1.288,924.7,19.56,229,64.5,18.7,57,moderate_stress
php_01571,pothos,shade_house,summer,66.8,57.6,0.736,551.1,20.38,326,36.9,20.9,88,healthy
php_01572,aloe_vera,indoor,monsoon,86.3,36.1,0.355,387.2,20.83,370,98.1,29.2,92,healthy
php_01573,pothos,shade_house,spring,44.5,82,1.265,715.4,20.88,137,24.4,13.8,45,high_stress
php_01574,mint,indoor,monsoon,91.3,83.3,1.302,342.7,18.25,782,56,26,57,moderate_stress
php_01575,mint,indoor,winter,91.6,22.5,2.354,454.9,21.19,445,22.1,29,17,high_stress
php_01576,snake_plant,shade_house,summer,84.2,42.2,0.576,597.8,19.17,533,99.2,25.3,77,moderate_stress
php_01577,aloe_vera,indoor,winter,70.5,32.8,0.84,686.2,18.51,343,26,26.7,55,moderate_stress
php_01578,rose,greenhouse,summer,93.4,52.8,2.422,1090.8,19.69,593,99.8,20.2,66,moderate_stress
php_01579,pothos,shade_house,monsoon,65.9,42.6,1.035,444.3,18.73,973,96.7,30.9,62,moderate_stress
php_01580,basil,garden,summer,69,20.4,0.46,1157,19.84,857,39.9,29.7,59,moderate_stress
php_01581,rose,garden,spring,60.9,80.8,0.129,661.9,21.25,716,40.5,11.8,72,moderate_stress
php_01582,lettuce,hydroponic,autumn,27,33.1,0.668,921.4,19.26,947,53.6,9,56,moderate_stress
php_01583,pothos,indoor,monsoon,31.3,8.3,0.002,875,20.45,124,94.1,17.5,77,moderate_stress
php_01584,rose,garden,winter,59.1,25.9,0.773,1138.5,19.59,829,35.5,37.9,42,high_stress
php_01585,aloe_vera,arid_garden,spring,43.9,56.4,0.441,817.1,20.66,707,55.8,15.1,81,healthy
php_01586,mint,indoor,winter,71.4,85.6,1.046,560.1,20.59,260,93.8,9.3,75,moderate_stress
php_01587,rose,greenhouse,autumn,83.8,37.1,1.267,460.9,18.27,556,60.4,10.9,62,moderate_stress
php_01588,mint,indoor,spring,79,83.8,1.503,950.3,19.62,1010,87.6,16.4,64,moderate_stress
php_01589,aloe_vera,arid_garden,autumn,91.9,14.6,0.861,346.2,20.35,702,39.9,30.7,80,healthy
php_01590,pothos,shade_house,summer,90.9,33.5,0.517,427.9,21.37,975,90.7,30.3,75,moderate_stress
php_01591,lettuce,greenhouse,monsoon,76.8,58.7,1.103,357.2,20.6,369,29.1,18,69,moderate_stress
php_01592,basil,indoor,monsoon,68.6,19.5,2.328,896.8,21.27,990,99,35.8,36,high_stress
php_01593,tomato,greenhouse,spring,92.2,65.8,1.217,625.7,18.42,969,35.8,13.7,43,high_stress
php_01594,aloe_vera,arid_garden,spring,26.7,31.3,0.967,1043.4,18.9,557,23.5,27.1,55,moderate_stress
php_01595,mint,greenhouse,spring,81.5,55.6,0.515,882.6,18.32,988,36.5,12.9,55,moderate_stress
php_01596,lettuce,hydroponic,summer,68.7,27.8,0.583,661.7,18.37,316,48.8,13.4,54,high_stress
php_01597,basil,greenhouse,monsoon,70.7,43,0.054,1017,19.68,601,96.6,13.2,83,healthy
php_01598,lettuce,greenhouse,spring,82.6,67.1,2.175,666,18.97,373,75.3,33,49,high_stress
php_01599,rose,garden,monsoon,90.3,58.3,0.701,1002,19.98,152,56.3,10.6,68,moderate_stress
php_01600,snake_plant,indoor,monsoon,61.3,12,1.732,630.6,19.33,418,87.7,27.2,67,moderate_stress
php_01601,basil,indoor,winter,32.4,70.3,0.096,1108.9,21.38,433,60.6,35.8,71,moderate_stress
php_01602,snake_plant,shade_house,spring,82.6,39.7,2.281,1217.9,18.33,659,87.7,23.4,48,high_stress
php_01603,aloe_vera,indoor,summer,63.8,57.8,1.029,568.6,21.15,786,95,19.7,81,healthy
php_01604,snake_plant,indoor,winter,86.3,70.3,2.336,453,19.7,573,72.4,28.2,42,high_stress
php_01605,aloe_vera,arid_garden,autumn,77.9,65.9,1.22,1119.9,18.76,995,46,28.1,42,high_stress
php_01606,mint,garden,monsoon,70,81.7,0.757,406.6,20.14,463,56.5,18.6,91,healthy
php_01607,snake_plant,shade_house,monsoon,47.3,82.7,2.002,726.7,19.84,1008,46.5,26,29,high_stress
php_01608,snake_plant,shade_house,monsoon,81.6,81.1,0.519,365.1,20.92,826,61.1,34,40,high_stress
php_01609,lettuce,greenhouse,monsoon,36.5,64.9,0.919,460.9,20.59,464,66.2,10.7,87,healthy
php_01610,lettuce,greenhouse,summer,79,61.8,1.374,407.9,19.76,559,66.2,36.7,57,moderate_stress
php_01611,rose,greenhouse,winter,80.1,30,0.724,634.4,18.78,30,27.2,35.2,31,high_stress
php_01612,lettuce,greenhouse,winter,69,25.6,1.439,672.5,19.44,928,88.4,21.9,60,moderate_stress
php_01613,pothos,shade_house,summer,66,50.6,2.28,897.5,18.36,559,44.6,30.4,45,high_stress
php_01614,tomato,garden,winter,44.4,72.5,0.17,907.5,20.2,409,64.9,17.2,93,healthy
php_01615,pothos,indoor,monsoon,36.2,70.2,1.375,625.5,21.08,78,71.4,26.4,81,healthy
php_01616,pothos,shade_house,monsoon,63.1,64.8,0.257,1232.3,18.82,281,20.1,31.7,43,high_stress
php_01617,mint,greenhouse,autumn,78.9,30.7,1.942,512.6,18.31,520,69.6,23.9,56,moderate_stress
php_01618,mint,greenhouse,monsoon,55.5,14.1,0.919,424.5,21.21,83,39.8,13.9,40,high_stress
php_01619,rose,garden,winter,85.7,67.6,0.676,772.7,19.34,371,65.5,24.6,81,healthy
php_01620,mint,indoor,monsoon,50.1,42.3,0.106,935.7,18.85,850,48.3,29.3,62,moderate_stress
php_01621,tomato,greenhouse,spring,66.1,32.7,0.572,548.9,20.56,1023,90,10.9,66,moderate_stress
php_01622,aloe_vera,arid_garden,autumn,58.8,82.2,0.605,393.2,18.24,200,31.9,27.7,23,high_stress
php_01623,lettuce,hydroponic,winter,51.9,68.1,0.857,369.5,20.96,42,84,24.8,88,healthy
php_01624,pothos,shade_house,autumn,35.1,53.4,0.058,870.8,21.09,155,66.6,9.3,78,moderate_stress
php_01625,rose,garden,monsoon,75,16.6,0.833,1211.6,21.4,137,89.3,16.9,58,moderate_stress
php_01626,rose,garden,autumn,43.7,24.3,2.381,965.8,21.19,870,71,20.4,67,moderate_stress
php_01627,tomato,garden,autumn,80.3,47,0.127,1093,20.74,60,83.6,34,74,moderate_stress
php_01628,snake_plant,indoor,summer,89.6,29.6,0.593,1044.7,21.28,138,84.7,8.7,75,moderate_stress
php_01629,pothos,shade_house,summer,50.2,33.6,0.348,1150.5,18.83,223,21.3,26.7,59,moderate_stress
php_01630,tomato,greenhouse,summer,89.5,36.9,1.046,495.1,20.42,644,30.6,17.4,60,moderate_stress
php_01631,snake_plant,shade_house,summer,64.4,68.7,0.645,966.5,19.65,185,78.8,25.4,69,moderate_stress
php_01632,aloe_vera,indoor,summer,54,61.8,1.569,786.3,21.43,160,83.7,29.5,54,high_stress
php_01633,basil,greenhouse,summer,87.7,57.4,2.176,622.8,21.48,913,64.9,27.2,71,moderate_stress
php_01634,lettuce,greenhouse,monsoon,68,21.9,1.011,536.7,18.67,418,43.3,30.6,35,high_stress
php_01635,mint,garden,monsoon,38.6,35.2,1.483,1201.7,20.49,901,76.5,10.7,56,moderate_stress
php_01636,snake_plant,indoor,summer,67.7,67,0.192,988.7,19,901,31.3,22,40,high_stress
php_01637,snake_plant,shade_house,summer,68.7,60.5,0.273,975.4,21.12,46,78.8,21,86,healthy
php_01638,basil,indoor,autumn,36.2,74.1,1.765,731.6,20.16,395,35.2,12.2,49,high_stress
php_01639,mint,greenhouse,summer,87.7,9.1,1.602,1081.5,20.27,364,91.2,23.7,50,high_stress
php_01640,tomato,garden,monsoon,65.1,29.2,1.48,831.5,18.95,334,56.1,18.4,55,moderate_stress
php_01641,snake_plant,shade_house,summer,51.7,9.8,2.468,447.5,21.38,553,97.2,8.7,44,high_stress
php_01642,rose,garden,winter,76.1,65.5,0.85,1048.9,19.66,1016,61.5,17.2,86,healthy
php_01643,rose,garden,autumn,48.8,44.4,0.314,1122.1,19.06,308,80.2,13.1,74,moderate_stress
php_01644,aloe_vera,indoor,monsoon,29.4,76.4,1.236,943.7,19.6,608,63.3,24.9,53,high_stress
php_01645,lettuce,hydroponic,autumn,44,24.6,0.927,1013.4,20.18,469,24.1,33,27,high_stress
php_01646,rose,garden,winter,67.1,50.7,1.824,347.9,21.24,913,81,36.7,68,moderate_stress
php_01647,aloe_vera,indoor,winter,42.3,17.4,0.255,716,18.98,1010,38.2,35.9,71,moderate_stress
php_01648,basil,garden,summer,40.6,65.2,1.516,1045.7,21.45,47,69.4,35.8,61,moderate_stress
php_01649,rose,garden,summer,49.3,44.4,0.122,504.3,18.62,812,48.5,11.1,76,moderate_stress
php_01650,aloe_vera,arid_garden,monsoon,77.3,15.2,2.231,461,20.76,815,51.6,11.4,62,moderate_stress
php_01651,aloe_vera,indoor,summer,36,31.5,0.353,374.2,19.86,241,92.4,30.5,87,healthy
php_01652,snake_plant,shade_house,summer,46.6,68,1.097,352.4,19.58,35,57.1,16.3,69,moderate_stress
php_01653,rose,garden,spring,46,69.1,2.303,371.5,19.94,555,99.7,18.1,71,moderate_stress
php_01654,basil,greenhouse,summer,66.9,34.9,1.571,1076,21.32,511,24.7,24.1,54,high_stress
php_01655,snake_plant,indoor,spring,30.8,84.4,1.295,1208.6,21.49,150,37.8,9.6,23,high_stress
php_01656,basil,indoor,autumn,48.8,39.8,0.945,735.2,19.09,982,70.6,35.3,66,moderate_stress
php_01657,lettuce,greenhouse,summer,34.6,71.9,0.463,568.4,18.59,541,22.1,30.3,42,high_stress
php_01658,pothos,indoor,summer,73,24.5,1.771,1058.6,19.03,771,80.9,13.2,40,high_stress
php_01659,tomato,garden,summer,38.7,62.5,0.999,735,19.32,254,71.7,13.5,62,moderate_stress
php_01660,tomato,garden,winter,80.4,58.8,2.185,684.7,20.87,281,70.2,9,49,high_stress
php_01661,pothos,indoor,monsoon,85.4,76.8,1.309,873.3,19.01,436,69.9,27.8,64,moderate_stress
php_01662,lettuce,greenhouse,monsoon,50.7,60.5,0.147,694.9,18.5,308,24.3,26,51,high_stress
php_01663,tomato,greenhouse,summer,61.9,64,0.077,634.9,19.92,355,89.3,33.3,80,healthy
php_01664,pothos,indoor,monsoon,46.9,75.5,1.571,1233.2,20.59,182,27.9,13.8,39,high_stress
php_01665,aloe_vera,arid_garden,winter,40.4,70.7,0.73,371.9,21.39,657,42.6,8.2,37,high_stress
php_01666,mint,garden,monsoon,57.5,48.3,2.379,1174.1,18.58,678,38,21.3,49,high_stress
php_01667,aloe_vera,arid_garden,winter,70.5,66.1,2.312,718.4,20.13,477,98,23.8,58,moderate_stress
php_01668,lettuce,hydroponic,autumn,49.6,71.6,1.95,837.2,20.88,787,21.6,29.3,53,high_stress
php_01669,pothos,indoor,summer,44.5,80.7,1.766,619.5,20.62,323,99.7,29.5,65,moderate_stress
php_01670,mint,garden,monsoon,26,44.7,0.478,390.5,21.26,261,58.9,32.8,71,moderate_stress
php_01671,snake_plant,indoor,summer,50.6,83.1,0.12,1167,19.26,802,73.2,36.8,26,high_stress
php_01672,aloe_vera,indoor,winter,87.9,55,0.238,379.8,20.33,974,90.8,11.9,66,moderate_stress
php_01673,rose,greenhouse,spring,40.2,87,0.077,523.8,18.5,169,55.9,13,49,high_stress
php_01674,lettuce,greenhouse,winter,86.3,88.9,0.754,706.6,20.71,157,32.6,32.6,41,high_stress
php_01675,rose,greenhouse,summer,51.3,80,0.02,1095.3,21.32,619,52.6,24.1,74,moderate_stress
php_01676,rose,greenhouse,monsoon,38,54.2,0.381,813.3,19.16,326,91.3,27.2,84,healthy
php_01677,lettuce,greenhouse,monsoon,91.5,17.6,1.911,427.5,19.36,502,35.9,26.9,24,high_stress
php_01678,pothos,shade_house,monsoon,62,33.7,1.783,1075.3,18.75,154,88.9,33.5,63,moderate_stress
php_01679,snake_plant,indoor,summer,25.2,49.1,0.606,794.2,20.82,245,71.5,30.8,87,healthy
php_01680,snake_plant,shade_house,autumn,45,31.7,1.329,801.8,21.39,60,30.1,23.8,75,moderate_stress
php_01681,rose,greenhouse,autumn,86.1,71.3,2.073,670.2,19.18,146,89.3,28.9,55,moderate_stress
php_01682,mint,greenhouse,winter,69.4,32,2.382,1122.4,20.55,648,75.9,12.9,57,moderate_stress
php_01683,basil,indoor,spring,83,86.9,0.513,1213.1,18.23,964,97.9,28.3,53,high_stress
php_01684,snake_plant,shade_house,autumn,87.5,42.4,0.004,803.4,20.67,977,80.7,26,74,moderate_stress
php_01685,pothos,shade_house,spring,59.1,56.3,1.893,1071.6,21.02,348,46,29.7,73,moderate_stress
php_01686,tomato,garden,monsoon,82.1,39.8,2.068,629.1,20.37,597,56,15.5,70,moderate_stress
php_01687,basil,indoor,autumn,58,60.8,1.384,682.5,18.96,994,47.2,17.2,72,moderate_stress
php_01688,snake_plant,indoor,autumn,25.1,65.1,1.767,713,19.04,424,37.8,27.2,43,high_stress
php_01689,rose,garden,winter,33,41.5,2.198,413.7,20.8,746,91,16.1,79,moderate_stress
php_01690,aloe_vera,indoor,summer,47.3,56.8,1.538,854.5,20.32,438,80.1,16.5,70,moderate_stress
php_01691,basil,garden,summer,36,14.3,0.844,836.4,19.08,385,37.6,11.1,28,high_stress
php_01692,aloe_vera,arid_garden,spring,59.8,78.7,0.888,1184.7,19.28,177,52.4,32.9,38,high_stress
php_01693,aloe_vera,indoor,monsoon,65.8,23.3,1.276,523.1,19.48,302,59.2,23.8,81,healthy
php_01694,pothos,shade_house,summer,71.2,40,0.629,338.2,19.48,40,43.1,24.9,77,moderate_stress
php_01695,rose,greenhouse,monsoon,58.6,79.6,0.463,574.8,20.87,965,84.7,19,85,healthy
php_01696,tomato,greenhouse,monsoon,93.3,57.4,1.014,354.1,20.59,415,87,13.7,73,moderate_stress
php_01697,pothos,shade_house,spring,90.6,83.9,0.349,1154,18.71,216,90.6,30.9,53,high_stress
php_01698,snake_plant,indoor,summer,52.7,61.8,1.289,822.8,19.4,624,98.7,36.4,56,moderate_stress
php_01699,rose,greenhouse,autumn,31.7,62.6,1.231,1066.5,18.5,313,36.6,28.7,49,high_stress
php_01700,pothos,shade_house,winter,50.7,47.6,0.638,681.3,20.87,657,90.3,8.6,77,moderate_stress
php_01701,pothos,shade_house,spring,32.7,59.1,1.539,390.1,19.8,886,85.6,31,63,moderate_stress
php_01702,lettuce,greenhouse,winter,75.7,59.3,0.548,1216,19.82,735,34.4,16.5,73,moderate_stress
php_01703,aloe_vera,arid_garden,spring,49.8,11.8,1.52,631.1,20.18,638,69.4,20.2,89,healthy
php_01704,mint,garden,spring,65.5,80.9,1.069,1072.7,18.97,690,92.3,18.1,81,healthy
php_01705,tomato,greenhouse,winter,64,24.4,0.836,567.7,19.43,853,39.2,15.9,58,moderate_stress
php_01706,lettuce,greenhouse,monsoon,42.2,74.9,0.987,753.9,20.92,147,86.6,33.9,60,moderate_stress
php_01707,pothos,shade_house,autumn,28.8,49.1,0.058,661.8,20.67,770,61.2,8.2,66,moderate_stress
php_01708,rose,greenhouse,winter,44.7,86.6,1.899,964.2,20.26,508,59.4,17.3,65,moderate_stress
php_01709,pothos,indoor,monsoon,28.9,44.3,1.072,397.5,18.45,712,56.8,19.3,72,moderate_stress
php_01710,mint,indoor,summer,65.4,87.6,1.201,1242.7,18.99,794,75.3,33.5,55,moderate_stress
php_01711,mint,indoor,autumn,29.6,36.7,1.394,507.9,20.07,71,88.2,25.9,65,moderate_stress
php_01712,tomato,garden,spring,60.6,50.6,1.472,723.2,19.1,247,69.3,29,73,moderate_stress
php_01713,rose,greenhouse,spring,44.3,84.9,2.383,888,20.9,67,48.8,9.6,28,high_stress
php_01714,aloe_vera,arid_garden,spring,33.6,89.5,1.275,1021.6,18.59,753,59.7,29.3,27,high_stress
php_01715,tomato,garden,monsoon,30,64.1,1.37,637.2,19.5,362,38.8,17.7,56,moderate_stress
php_01716,rose,greenhouse,summer,53.6,11,2.355,1131.3,20.94,130,86.1,16.9,38,high_stress
php_01717,aloe_vera,arid_garden,autumn,63.8,9.1,0.182,1147.2,19.77,455,65.6,22.9,88,healthy
php_01718,tomato,garden,spring,71.7,80.7,0.749,885.3,18.35,140,32.5,27.9,50,high_stress
php_01719,tomato,garden,autumn,40.3,32.6,0.087,1198.8,20.05,890,29.3,32.5,54,high_stress
php_01720,snake_plant,shade_house,winter,86.4,51.8,1.802,1026.8,21.43,397,55.2,18.6,62,moderate_stress
php_01721,mint,greenhouse,autumn,63.2,63.2,0.628,625.4,19.04,310,72.8,26.6,86,healthy
php_01722,tomato,greenhouse,autumn,37,64.3,1.587,806.4,19.79,50,95.4,11.2,52,high_stress
php_01723,basil,garden,winter,82.5,60.7,2.377,584.9,18.46,259,98.2,26.6,63,moderate_stress
php_01724,basil,garden,monsoon,46.8,52.8,2.229,467.3,18.65,254,78.1,8.9,46,high_stress
php_01725,lettuce,greenhouse,winter,87.8,51.8,1.09,437.9,19.48,868,46,22,72,moderate_stress
php_01726,tomato,greenhouse,monsoon,49.2,41.3,1.145,337.8,19.72,514,73.9,10.1,57,moderate_stress
php_01727,aloe_vera,indoor,monsoon,30.2,68.5,0.768,434.2,19.27,331,61.8,27.2,57,moderate_stress
php_01728,basil,indoor,monsoon,39.7,12,1.676,1131.8,18.62,789,28,32.7,20,high_stress
php_01729,tomato,greenhouse,winter,93.1,70.9,0.623,1007,20.93,141,65.9,27.7,81,healthy
php_01730,lettuce,greenhouse,winter,55.2,87.5,0.142,855.6,19.13,436,92.3,26.9,79,moderate_stress
php_01731,tomato,garden,monsoon,70.5,19,0.955,513.7,20.63,216,89.1,25.2,66,moderate_stress
php_01732,snake_plant,indoor,winter,89.9,40.6,1.783,1203.7,21.13,939,44.1,8.3,33,high_stress
php_01733,snake_plant,indoor,spring,60.9,10.6,0.43,625.1,21.23,798,93.3,32.7,76,moderate_stress
php_01734,lettuce,hydroponic,winter,83.3,20,0.628,441.1,18.8,508,28.7,19.2,44,high_stress
php_01735,aloe_vera,indoor,monsoon,61,76.5,2.268,961.5,19.82,175,76.5,18.5,39,high_stress
php_01736,lettuce,hydroponic,summer,51.3,29.5,0.752,373.1,18.65,406,67.3,10.5,59,moderate_stress
php_01737,lettuce,hydroponic,winter,47,41.8,1.835,456.8,18.49,179,63.9,9.7,58,moderate_stress
php_01738,lettuce,greenhouse,autumn,83.5,48.6,1.451,723.6,18.31,169,90.1,32.3,47,high_stress
php_01739,basil,greenhouse,monsoon,60.5,27.9,0.641,849.4,18.85,566,63,25,74,moderate_stress
php_01740,pothos,shade_house,monsoon,68.4,54.9,1.319,1159.2,18.44,586,94.4,13.7,62,moderate_stress
php_01741,rose,garden,summer,90.7,37.4,1.749,341.4,20.01,159,63.9,17.6,65,moderate_stress
php_01742,aloe_vera,arid_garden,spring,44.4,32.3,1.228,842.8,18.33,527,27.3,32.8,58,moderate_stress
php_01743,aloe_vera,arid_garden,winter,31.4,15.4,1.582,424.9,20.12,791,85.1,35.9,78,moderate_stress
php_01744,rose,greenhouse,autumn,71.8,44.6,1.223,1032.8,18.4,541,33.8,25.1,57,moderate_stress
php_01745,lettuce,greenhouse,monsoon,54.9,59.2,0.643,1035.7,21.39,133,24,35.5,39,high_stress
php_01746,aloe_vera,indoor,winter,40.3,48.6,1.314,611.3,19.51,316,29.9,11.8,42,high_stress
php_01747,pothos,shade_house,winter,25.1,39.3,0.639,594.5,18.79,225,32.1,28.7,65,moderate_stress
php_01748,tomato,garden,winter,32.7,19.1,1.176,1099,19.24,902,40.2,37.5,26,high_stress
php_01749,tomato,greenhouse,monsoon,87.7,24.3,0.511,936.1,18.73,930,55.6,35,56,moderate_stress
php_01750,basil,indoor,autumn,71.8,59.6,1.265,917.4,18.23,807,21.3,27.3,47,high_stress
php_01751,tomato,garden,monsoon,91.5,35,1.37,565.4,18.25,143,60.7,10.1,33,high_stress
php_01752,basil,garden,spring,79,86.4,0.327,979.5,20.17,831,49.5,12.9,65,moderate_stress
php_01753,rose,garden,monsoon,49.1,28.6,0.342,1081.4,20.79,777,64.6,24.1,85,healthy
php_01754,aloe_vera,indoor,autumn,43.9,71.9,1.818,447,18.73,777,73.9,8.4,29,high_stress
php_01755,basil,indoor,summer,50.3,31.9,0.814,1008.5,19.17,674,50.3,29.7,65,moderate_stress
php_01756,lettuce,greenhouse,spring,60.1,26.8,1.735,1055.4,21.12,938,34.1,15.4,39,high_stress
php_01757,rose,greenhouse,spring,41,13.2,1.591,955.3,18.28,203,87.4,29.6,34,high_stress
php_01758,aloe_vera,arid_garden,summer,89.9,48.4,0.347,686.6,18.89,420,23.7,37.5,47,high_stress
php_01759,basil,garden,winter,90.5,66.2,2.456,780.9,18.51,742,97.7,12.7,50,high_stress
php_01760,mint,indoor,spring,77.4,26,0.336,1029.1,18.48,241,97.7,14.2,52,high_stress
php_01761,lettuce,hydroponic,winter,41,87.4,1.141,728.7,19.07,981,65.3,20.7,71,moderate_stress
php_01762,tomato,greenhouse,winter,66.7,68.2,1.341,805.4,19.08,291,45.7,34,57,moderate_stress
php_01763,lettuce,greenhouse,summer,59.1,11.5,1.698,1007.9,18.33,985,52.4,13,31,high_stress
php_01764,tomato,greenhouse,summer,48.1,13.8,0.912,1247.4,20.48,73,90.1,16.9,37,high_stress
php_01765,mint,garden,spring,87.4,31.7,1.78,742.3,20.84,112,99.6,12,57,moderate_stress
php_01766,lettuce,greenhouse,monsoon,84.8,74.7,1.869,818.5,21.15,252,28.7,36.9,35,high_stress
php_01767,aloe_vera,indoor,spring,59.9,66.4,1.327,886.2,18.24,708,91.5,16.6,50,high_stress
php_01768,pothos,indoor,winter,29.5,69.2,1.063,343.9,19.86,50,22.7,22.6,58,moderate_stress
php_01769,mint,indoor,autumn,51.4,30.7,0.162,989,19.88,683,67,16.5,80,healthy
php_01770,pothos,indoor,spring,73.6,34.8,2.049,1068.4,20.8,404,70.1,8.6,63,moderate_stress
php_01771,basil,indoor,autumn,87.7,10.6,1.985,845.9,20.88,807,94.7,14.4,44,high_stress
php_01772,mint,garden,monsoon,58.9,86.8,1.667,1161.1,19.14,989,83.2,35,44,high_stress
php_01773,tomato,greenhouse,winter,28.5,11.7,2.283,596.9,19.98,884,33.8,28.9,28,high_stress
php_01774,tomato,greenhouse,spring,35,15.8,0.518,788.3,19.72,1022,91.6,27.5,65,moderate_stress
php_01775,basil,indoor,summer,75.2,20.3,0.136,1113.1,21.04,720,59.1,15.7,70,moderate_stress
php_01776,rose,garden,winter,63,18.1,2.36,1033.4,19.75,871,90.4,15.5,58,moderate_stress
php_01777,pothos,shade_house,winter,41.9,49.7,1.442,990.9,18.23,893,31.8,8.7,24,high_stress
php_01778,basil,greenhouse,autumn,91.3,16.2,2.399,344.5,21.31,507,93.2,31.2,50,high_stress
php_01779,tomato,greenhouse,monsoon,78.7,88.7,1.035,1192.6,21.13,361,34.6,30.8,54,high_stress
php_01780,aloe_vera,arid_garden,autumn,43.7,30.4,1.995,469.3,21.01,739,69.8,16.4,77,moderate_stress
php_01781,aloe_vera,indoor,autumn,89.3,34.6,1.218,776,20.46,835,72.6,13.2,74,moderate_stress
php_01782,pothos,indoor,winter,49.4,42.6,2.27,718.3,19.68,294,89.1,9.9,61,moderate_stress
php_01783,lettuce,hydroponic,winter,49.3,21.3,1.698,1190.1,20.22,47,58.5,24.9,47,high_stress
php_01784,snake_plant,shade_house,summer,56.2,9.3,1.618,794,19.02,662,27.8,13.8,36,high_stress
php_01785,basil,greenhouse,summer,52.8,75.5,0.931,739.4,20.38,712,83.1,30.8,88,healthy
php_01786,basil,indoor,spring,69.5,22.5,2.134,1149.2,18.49,812,42.2,19.1,41,high_stress
php_01787,pothos,indoor,winter,87.7,86.2,1.369,375,19.65,443,90.8,20.3,59,moderate_stress
php_01788,pothos,shade_house,winter,49.8,45.9,2.433,871.8,18.93,670,47.4,11.1,46,high_stress
php_01789,rose,garden,autumn,90.9,86,1.117,573.3,18.42,346,80.1,23.9,49,high_stress
php_01790,pothos,shade_house,winter,91.3,45.3,1.887,457.2,19.96,432,39.3,13.3,52,high_stress
php_01791,lettuce,greenhouse,monsoon,77.3,25.7,1.992,342.6,18.65,515,29.1,20.3,31,high_stress
php_01792,tomato,garden,monsoon,52.7,21.7,1.269,1188.7,20.64,687,63,21.9,70,moderate_stress
php_01793,mint,indoor,summer,65.3,25,1.494,1116.9,20.63,310,25.6,32.3,27,high_stress
php_01794,mint,greenhouse,autumn,88.6,29.1,2.288,1125,20.58,367,65.8,8.5,36,high_stress
php_01795,tomato,greenhouse,summer,76.7,34.4,1.176,816.9,19.95,439,43.3,22,72,moderate_stress
php_01796,lettuce,greenhouse,spring,82.2,13,1.053,575.1,21.08,471,35,23.1,44,high_stress
php_01797,tomato,garden,summer,70.9,55.3,1.429,1079.4,21.2,870,81.6,36,73,moderate_stress
php_01798,rose,greenhouse,spring,47.6,43.5,0.424,501,19.96,645,21.1,35.7,56,moderate_stress
php_01799,snake_plant,shade_house,winter,91.3,16.8,0.164,972.9,18.83,554,31.3,29.2,50,high_stress
php_01800,basil,greenhouse,summer,53.7,40.5,1.279,1207.7,19.79,548,45.5,28,74,moderate_stress
php_01801,rose,garden,autumn,69.9,47,0.409,1122.2,21.19,931,65.2,28.7,94,healthy
php_01802,snake_plant,indoor,winter,83.4,58.6,0.184,401.2,19.79,37,53.6,33.9,65,moderate_stress
php_01803,pothos,indoor,monsoon,51.6,73.5,1.805,759.2,18.59,305,33.3,36.1,27,high_stress
php_01804,lettuce,greenhouse,summer,35.1,63.6,0.972,732.7,21.2,157,72.7,9.7,74,moderate_stress
php_01805,lettuce,greenhouse,spring,76.6,63.8,1.012,581.7,20.92,955,23.5,30.5,50,high_stress
php_01806,mint,garden,summer,73.5,22.1,0.223,1072.2,19.55,968,95.1,13.4,53,high_stress
php_01807,mint,garden,winter,67.8,86.7,1.021,380.3,19.6,163,87.1,9.8,64,moderate_stress
php_01808,pothos,shade_house,summer,87.5,57.6,1.659,947.9,20.37,174,86.1,33.8,65,moderate_stress
php_01809,aloe_vera,arid_garden,winter,67.2,30.3,1.87,631.4,18.95,914,88.9,11.7,66,moderate_stress
php_01810,mint,greenhouse,spring,50.1,17.5,1.934,673.7,18.71,514,36.7,8.6,12,high_stress
php_01811,rose,garden,summer,62.9,42.6,0.273,699.4,18.33,574,83.2,24,84,healthy
php_01812,mint,indoor,spring,36.5,8.3,0.34,845.1,18.48,68,61.7,32,32,high_stress
php_01813,mint,garden,spring,27.1,54.7,0.643,1004.7,20.91,224,93.7,24.9,90,healthy
php_01814,pothos,indoor,spring,40.7,13.7,2.415,1200.6,19.06,271,62.9,31.5,46,high_stress
php_01815,pothos,shade_house,winter,27.5,26.6,0.035,880.7,19.45,904,99.5,31.5,57,moderate_stress
php_01816,pothos,shade_house,spring,71.6,71.1,2.454,692.9,18.5,815,76.8,24.6,48,high_stress
php_01817,aloe_vera,arid_garden,spring,67.3,13.6,1.984,397.2,18.7,665,65.3,9,51,high_stress
php_01818,snake_plant,shade_house,summer,46.5,23.3,2.438,605.8,20.35,334,27.4,24.4,58,moderate_stress
php_01819,aloe_vera,arid_garden,autumn,67,53.8,1.758,632,18.32,367,96.7,28,56,moderate_stress
php_01820,basil,garden,monsoon,34.5,73.8,2.35,599.3,20.83,870,84.8,14.4,68,moderate_stress
php_01821,tomato,greenhouse,spring,58,39.2,0.51,549.5,19.15,359,81.1,12.2,61,moderate_stress
php_01822,aloe_vera,arid_garden,summer,89.6,16,1.919,562.6,19.28,232,27.5,23.5,47,high_stress
php_01823,pothos,indoor,summer,35.2,64.3,0.842,607.2,19.78,944,92.9,34.8,58,moderate_stress
php_01824,basil,greenhouse,spring,88,85.6,1.253,913.6,19,71,90.7,29.2,52,high_stress
php_01825,rose,greenhouse,summer,89.9,21.5,1.271,1129.3,19.9,664,43.8,24.6,56,moderate_stress
php_01826,pothos,indoor,spring,53.7,77,0.386,427.2,18.33,844,99.3,21.6,60,moderate_stress
php_01827,lettuce,greenhouse,winter,64.5,81.9,2.103,968.5,20.61,370,98.8,21.8,71,moderate_stress
php_01828,mint,greenhouse,summer,73,83.5,0.233,789.6,18.44,575,85.8,15.3,78,moderate_stress
php_01829,tomato,greenhouse,monsoon,38.8,14.1,0.216,1054.2,18.25,145,96,22,42,high_stress
php_01830,rose,greenhouse,winter,76.5,74.2,2.446,401.4,21.47,373,73,11.6,61,moderate_stress
php_01831,basil,indoor,monsoon,61.9,44.9,0.243,869.4,18.37,1009,52.7,11.1,64,moderate_stress
php_01832,basil,garden,winter,39,29.9,0.679,427.5,18.93,835,62.4,30.2,69,moderate_stress
php_01833,pothos,shade_house,autumn,26.7,64.4,2.166,734.2,20.03,479,75.5,8.5,49,high_stress
php_01834,tomato,garden,spring,45.3,63.1,0.758,1014.7,19.91,238,67.2,29.3,78,moderate_stress
php_01835,lettuce,greenhouse,summer,31.5,46.8,0.316,697,20.3,853,75.6,29.8,70,moderate_stress
php_01836,basil,garden,spring,84.9,31,2.259,556.9,20.16,502,29.7,16.3,52,high_stress
php_01837,pothos,shade_house,monsoon,55.7,44.6,1.278,633.8,18.79,427,89.9,29.8,83,healthy
php_01838,mint,garden,winter,57.8,35.1,1.495,767.3,20.76,46,24.8,16.7,45,high_stress
php_01839,basil,greenhouse,monsoon,53.9,85.9,0.701,634.2,19.2,413,85.9,33.2,58,moderate_stress
php_01840,snake_plant,indoor,winter,60.8,85.6,0.898,998.9,20.73,367,27.7,23.5,34,high_stress
php_01841,pothos,indoor,spring,54.9,56.7,1.518,755.2,21.13,746,52.4,36.5,59,moderate_stress
php_01842,mint,greenhouse,spring,56.4,77.4,2.32,1132,19.62,513,47.1,15.1,66,moderate_stress
php_01843,basil,indoor,autumn,57,59.3,1.068,1062.7,18.74,672,54.7,37.9,54,high_stress
php_01844,basil,garden,summer,30,80.3,1.737,1069,20.4,309,63,12.8,53,high_stress
php_01845,mint,greenhouse,spring,66.4,17.4,2.127,1040.2,19.33,144,95.7,17.1,38,high_stress
php_01846,pothos,shade_house,monsoon,81.9,38.7,0.352,517.3,19.33,417,89.5,28.2,89,healthy
php_01847,aloe_vera,arid_garden,spring,70.7,86.2,0.346,1125.1,19.31,38,20.6,14.9,1,high_stress
php_01848,aloe_vera,arid_garden,autumn,40.3,30.2,2.112,899.2,19.08,226,43.4,18.9,59,moderate_stress
php_01849,snake_plant,indoor,spring,85.4,62.8,0.591,852.8,19.95,194,27.9,11,40,high_stress
php_01850,pothos,indoor,summer,45.5,17.1,0.131,1109.6,19.05,515,56.3,35.1,49,high_stress
php_01851,basil,indoor,spring,67.3,10.9,2.194,967.6,20.21,250,24.7,22.7,22,high_stress
php_01852,mint,indoor,spring,33.3,73.9,2.015,920.8,19.04,970,33.2,13.9,44,high_stress
php_01853,pothos,indoor,autumn,38.7,51.3,0.608,1221.9,19.73,297,67.2,31.7,83,healthy
php_01854,aloe_vera,arid_garden,autumn,51.8,26.4,1.594,995.5,19.82,495,55.3,33.9,80,healthy
php_01855,basil,indoor,autumn,77.9,53.4,0.469,1222.4,18.68,347,45.9,10.8,48,high_stress
php_01856,pothos,shade_house,spring,29.7,58.2,2.066,426.6,20.66,310,27.8,9.7,41,high_stress
php_01857,rose,greenhouse,monsoon,38.9,50.7,0.061,643.9,21.1,608,56.7,20.1,99,healthy
php_01858,snake_plant,indoor,monsoon,32.5,73,0.537,1004.8,20.26,907,93.3,24.2,62,moderate_stress
php_01859,basil,garden,spring,33,66.3,2.194,650.5,18.73,585,95.6,12.3,60,moderate_stress
php_01860,aloe_vera,indoor,monsoon,39.4,24.8,1.48,733.7,21.33,811,49.2,11.9,72,moderate_stress
php_01861,snake_plant,indoor,winter,87.6,86.9,1.481,1004.7,21.15,972,39.8,37.4,3,high_stress
php_01862,basil,garden,monsoon,69.9,69,1.587,512.6,18.77,114,91.1,20.6,69,moderate_stress
php_01863,tomato,greenhouse,autumn,85.5,21.9,0.528,1143.6,20.22,389,72.6,37.1,53,high_stress
php_01864,mint,greenhouse,spring,39,41.9,1.039,986,21.07,842,80.5,32.6,63,moderate_stress
php_01865,rose,garden,winter,52.8,56.6,0.021,622.7,20.61,871,34.7,8.2,72,moderate_stress
php_01866,tomato,garden,summer,30,73,1.172,601.9,19.17,194,58,35.7,54,high_stress
php_01867,tomato,greenhouse,summer,37.6,88.8,0.232,767.2,21.15,271,98.6,25.4,68,moderate_stress
php_01868,lettuce,greenhouse,monsoon,89.1,34.2,1.058,396.4,21.46,466,81.1,13.2,79,moderate_stress
php_01869,rose,greenhouse,summer,62.1,50.7,1.419,1091,19.43,348,49.9,33.9,57,moderate_stress
php_01870,tomato,garden,spring,93.2,38.9,0.486,786.3,19.73,919,27.4,33.4,55,moderate_stress
php_01871,snake_plant,indoor,autumn,78.3,53.1,0.642,602.8,19.89,782,52.5,10.6,59,moderate_stress
php_01872,mint,greenhouse,summer,36.1,24.4,1.854,489.5,21.32,386,82,18.1,61,moderate_stress
php_01873,basil,garden,spring,67,20.6,2.474,1240,19.09,939,98.9,15.6,34,high_stress
php_01874,lettuce,greenhouse,autumn,42.7,56.7,0.961,332.1,18.76,683,71.3,31.6,64,moderate_stress
php_01875,aloe_vera,indoor,spring,71.3,50.9,1.134,550.3,20.78,459,66.1,12.3,66,moderate_stress
php_01876,rose,garden,summer,43,45.8,1.715,904.1,19.01,895,40.3,37.5,44,high_stress
php_01877,tomato,greenhouse,winter,28,19.4,1.509,1220.1,18.27,650,55.4,27.3,32,high_stress
php_01878,tomato,greenhouse,winter,71,19.7,2.234,501.2,20.16,416,75.9,26,54,high_stress
php_01879,lettuce,hydroponic,summer,85.8,71.4,1.596,651,19.88,732,58.6,19.6,89,healthy
php_01880,snake_plant,indoor,monsoon,84.9,55.2,2.369,715.7,21.25,812,94.5,30.3,51,high_stress
php_01881,aloe_vera,arid_garden,winter,31.3,32.6,1.342,1063.7,18.43,843,67.9,29,67,moderate_stress
php_01882,mint,garden,autumn,68,29,0.117,353.4,19.19,539,75.7,32.4,63,moderate_stress
php_01883,tomato,greenhouse,summer,30,33.8,0.393,569.4,20.45,892,71.8,34.1,77,moderate_stress
php_01884,snake_plant,shade_house,summer,64.9,9.7,1.954,679,19.01,406,99.4,28,66,moderate_stress
php_01885,mint,greenhouse,spring,60.5,55.1,2.253,1088.3,19.42,213,95.2,29.7,61,moderate_stress
php_01886,lettuce,hydroponic,summer,83.1,60.5,2.065,828.8,21.26,904,29.4,10.8,60,moderate_stress
php_01887,lettuce,hydroponic,autumn,43.4,28,2.339,916.2,18.72,1011,45.2,23.3,35,high_stress
php_01888,aloe_vera,indoor,summer,69.2,26,0.484,870.4,19.49,340,41.2,26.8,80,healthy
php_01889,rose,garden,summer,43.3,86.2,2.456,458.4,18.51,692,81.2,10.9,46,high_stress
php_01890,tomato,greenhouse,winter,26.8,42,0.143,550.6,21.07,733,74.6,27.4,91,healthy
php_01891,tomato,greenhouse,summer,61.2,63.7,1.664,890.7,19.34,890,70.7,23.1,85,healthy
php_01892,mint,indoor,winter,69.2,46.5,0.32,1090.3,18.67,613,52.2,31.7,60,moderate_stress
php_01893,pothos,indoor,winter,37.7,42.3,1.065,348.6,19.26,426,49.7,29.3,78,moderate_stress
php_01894,aloe_vera,arid_garden,monsoon,63.7,11.8,1.499,827.3,21.4,540,62.3,28.7,86,healthy
php_01895,snake_plant,shade_house,spring,68.7,65,2.484,523.2,21.18,982,87.9,31.8,40,high_stress
php_01896,snake_plant,indoor,summer,37.9,80.9,1.637,346.1,20.1,499,26.4,8.8,14,high_stress
php_01897,pothos,shade_house,winter,72,79.4,1.065,665.6,20.52,673,39.7,20,52,high_stress
php_01898,pothos,shade_house,spring,39.1,31.6,1.33,535.5,18.87,82,52.8,34.2,64,moderate_stress
php_01899,snake_plant,indoor,autumn,80.2,29.6,1.768,1077.6,19.56,350,59,22.6,71,moderate_stress
php_01900,basil,indoor,monsoon,66.6,36.9,0.395,934,20.63,474,33.9,19.1,82,healthy
php_01901,pothos,shade_house,summer,54.5,15,2.276,451,18.79,770,40.3,20.1,37,high_stress
php_01902,pothos,indoor,winter,77.7,17.4,0.849,1122.1,19.42,288,89.8,29.4,61,moderate_stress
php_01903,rose,greenhouse,spring,47.7,23.5,2.308,853.7,18.47,577,63.6,16.8,50,high_stress
php_01904,snake_plant,indoor,winter,66.8,42.8,1.304,562.2,19.34,162,96.1,21.1,83,healthy
php_01905,tomato,garden,winter,27.4,59.8,1.83,1043.7,20.32,59,85.6,31.2,64,moderate_stress
php_01906,aloe_vera,indoor,spring,79.7,62.7,0.258,566.8,20.75,210,56.3,9.2,47,high_stress
php_01907,mint,greenhouse,autumn,47,11.7,0.687,1110.1,19.57,736,74.1,37.1,27,high_stress
php_01908,pothos,indoor,monsoon,25.4,32.4,0.799,1032.9,19.75,267,40.7,34.4,63,moderate_stress
php_01909,mint,garden,monsoon,77.1,75.4,2.13,962.3,20.3,803,29.8,32.8,45,high_stress
php_01910,aloe_vera,indoor,autumn,44.1,22.7,1.714,1145.1,21.21,942,88.7,20.9,82,healthy
php_01911,tomato,garden,spring,48.5,17.4,0.25,946.3,21.24,307,50.4,30.6,61,moderate_stress
php_01912,lettuce,greenhouse,winter,51.6,68.4,0.002,365.1,18.91,516,77,32.2,66,moderate_stress
php_01913,mint,greenhouse,winter,36,60.8,1.326,908,18.35,183,42.2,25.3,54,high_stress
php_01914,aloe_vera,arid_garden,autumn,46.8,83.9,2.298,630,18.79,585,32.5,27.3,10,high_stress
php_01915,tomato,greenhouse,monsoon,34.3,34.6,1.57,465.3,20.76,112,34.8,32,42,high_stress
php_01916,pothos,indoor,winter,79.2,8.7,0.195,556.8,19.58,597,90.4,15.2,61,moderate_stress
php_01917,mint,greenhouse,winter,81.9,65.4,1.283,486.4,20.75,162,62.1,13.5,81,healthy
php_01918,snake_plant,shade_house,winter,81.6,20.4,1.983,975.3,19.95,147,96.9,10,63,moderate_stress
php_01919,tomato,garden,winter,45.2,23.5,0.417,1176.3,19.97,262,87.5,26.8,63,moderate_stress
php_01920,pothos,indoor,autumn,52.8,75.4,0.786,627.9,19.29,93,57.6,24.1,73,moderate_stress
php_01921,pothos,indoor,summer,27,19.9,0.544,450.6,19.65,474,54.2,19.3,77,moderate_stress
php_01922,basil,garden,monsoon,38,9.1,1.607,437.4,18.78,502,70,12.1,34,high_stress
php_01923,tomato,garden,winter,90.4,68.4,0.729,877,20.87,97,61,24.2,81,healthy
php_01924,mint,indoor,spring,43.4,29.9,2.281,702.2,19.21,407,61.7,32.9,47,high_stress
php_01925,basil,garden,monsoon,54.8,59,2.307,343.7,18.41,547,22.7,35,28,high_stress
php_01926,snake_plant,indoor,winter,25.2,50.5,0.835,418.5,19.14,341,53.6,32,70,moderate_stress
php_01927,pothos,shade_house,autumn,56.5,45.6,0.077,496.1,21.31,112,95.5,10.2,82,healthy
php_01928,snake_plant,shade_house,autumn,89.2,69.5,1.75,570.5,19.81,730,67.2,22.3,42,high_stress
php_01929,snake_plant,shade_house,winter,77.5,24.5,2.387,740.7,20.67,435,27.4,36.3,41,high_stress
php_01930,pothos,shade_house,winter,74.2,45.6,1.134,348.4,20.35,82,78.4,35.7,76,moderate_stress
php_01931,tomato,greenhouse,winter,31.5,27.6,0.139,815.9,20.56,898,73.8,21.2,82,healthy
php_01932,mint,garden,spring,36.2,84.5,0.797,1012.7,19.83,953,94.8,22.4,80,healthy
php_01933,pothos,shade_house,autumn,60.2,34,2.189,891.7,19.43,756,37.9,25.8,57,moderate_stress
php_01934,mint,greenhouse,monsoon,47.5,36.7,1.236,847.4,19.49,814,39,30.8,47,high_stress
php_01935,pothos,shade_house,autumn,75.9,32.3,2.163,1034.9,18.3,103,36.3,36.5,23,high_stress
php_01936,lettuce,greenhouse,spring,68.4,63,1.027,520.1,18.58,618,76.6,36.1,57,moderate_stress
php_01937,lettuce,hydroponic,autumn,67.2,65.9,1.674,964,19.12,642,29.1,15.5,56,moderate_stress
php_01938,lettuce,hydroponic,autumn,31.1,38.2,0.114,449,20.29,266,28.9,18.8,63,moderate_stress
php_01939,aloe_vera,arid_garden,monsoon,63.3,17.9,2.441,1009.8,20.15,315,35.8,21.9,56,moderate_stress
php_01940,rose,greenhouse,spring,65.1,85.6,2.019,1218.5,21.45,838,31,22.1,43,high_stress
php_01941,basil,greenhouse,spring,34.4,36.1,2.328,604.7,21.35,658,75.6,10.6,47,high_stress
php_01942,mint,indoor,winter,37.4,31.7,2.444,601.7,18.86,684,35.1,8.9,23,high_stress
php_01943,tomato,greenhouse,summer,72.5,41.3,0.273,738.7,20.16,61,72.9,32.5,73,moderate_stress
php_01944,rose,garden,summer,62.8,74.5,1.79,990.3,19.14,262,77.8,28.2,60,moderate_stress
php_01945,snake_plant,indoor,winter,92.3,39.2,0.134,1183.3,20.6,753,47.5,22.2,71,moderate_stress
php_01946,aloe_vera,indoor,summer,52.5,42.8,1.575,552.3,19.17,831,33.7,30.8,62,moderate_stress
php_01947,lettuce,hydroponic,winter,90.4,89.7,0.939,763.1,19.58,697,30.6,16.2,58,moderate_stress
php_01948,pothos,shade_house,spring,26.2,34.4,2.265,1237,19.59,976,53,24.2,51,high_stress
php_01949,rose,garden,monsoon,61.5,14.9,1.038,674,19.69,199,24.8,20.3,36,high_stress
php_01950,mint,greenhouse,winter,83.4,54,0.002,507.7,18.85,885,84.6,27.6,77,moderate_stress
php_01951,basil,indoor,spring,59.2,75,1.167,730.5,19.23,386,89.7,36.3,57,moderate_stress
php_01952,aloe_vera,indoor,winter,33.9,47.1,2.249,841.8,20.56,490,84,35.1,72,moderate_stress
php_01953,mint,garden,autumn,52.1,71.4,1.416,498.4,18.82,506,72.5,37.6,60,moderate_stress
php_01954,mint,indoor,spring,67.8,81.2,2.331,1118.1,21.31,392,26.4,19.4,48,high_stress
php_01955,pothos,shade_house,winter,61.8,74.6,2.101,717.1,18.45,992,23.3,15.1,17,high_stress
php_01956,lettuce,hydroponic,spring,49.8,20.6,0.391,1172.2,18.49,620,44.5,34.3,22,high_stress
php_01957,tomato,greenhouse,autumn,28.2,70,1.047,407.8,21.18,397,95.7,31.8,79,moderate_stress
php_01958,mint,greenhouse,autumn,59.4,87.2,0.747,1118.8,18.25,193,51.7,26.3,62,moderate_stress
php_01959,tomato,garden,spring,93.4,80.8,2.271,710,20.69,68,92.2,16.9,49,high_stress
php_01960,mint,greenhouse,autumn,39.2,12.2,0.656,962.2,20.69,471,49.7,16.7,52,high_stress
php_01961,tomato,garden,winter,62.3,29.7,1.079,725.7,18.66,708,94.7,19.3,68,moderate_stress
php_01962,rose,greenhouse,monsoon,68,58.2,0.485,493.2,18.31,372,81.8,21.3,79,moderate_stress
php_01963,aloe_vera,indoor,winter,39.7,76.9,0.56,1010.1,19.28,726,99.9,20.8,51,high_stress
php_01964,tomato,greenhouse,spring,85.9,58.6,0.291,395.1,21.19,345,70.8,11.7,71,moderate_stress
php_01965,aloe_vera,arid_garden,spring,37.7,40.7,1.997,910.8,20.61,360,99.8,28.1,73,moderate_stress
php_01966,basil,garden,winter,38.6,80.6,0.3,875.2,19.62,195,21.9,33.6,38,high_stress
php_01967,tomato,greenhouse,spring,69.6,32.9,1.674,794.1,19.47,654,47.3,24.4,62,moderate_stress
php_01968,mint,garden,spring,25.1,89.6,0.299,585.8,19.52,692,30.6,36.5,41,high_stress
php_01969,mint,greenhouse,summer,41.3,12.8,1.596,878.7,19.7,260,26.4,20.9,23,high_stress
php_01970,rose,garden,spring,36.3,8.1,0.432,431.4,18.71,35,95.9,11.6,40,high_stress
php_01971,rose,greenhouse,winter,61.4,63.7,1.611,357.3,20.93,988,67.9,26.5,84,healthy
php_01972,lettuce,hydroponic,winter,42.9,86.8,0.901,1223.5,19.66,55,58.1,19.2,65,moderate_stress
php_01973,mint,indoor,spring,65.3,80.4,0.444,485,20.68,267,89.9,28.2,96,healthy
php_01974,lettuce,hydroponic,autumn,87,30.6,0.575,703.9,19.35,318,61.7,16.2,66,moderate_stress
php_01975,tomato,garden,monsoon,64.5,14.5,0.63,596.1,20.02,295,43,10.2,37,high_stress
php_01976,snake_plant,shade_house,spring,33.9,77.8,2.008,974,19.14,974,23.7,21.8,4,high_stress
php_01977,snake_plant,indoor,autumn,55.4,23.5,2.356,847.6,19.5,123,20.9,11.8,45,high_stress
php_01978,snake_plant,indoor,winter,86.5,12.8,0.352,573,18.34,464,26,23.8,50,high_stress
php_01979,lettuce,hydroponic,spring,70.5,29.3,1.216,650.6,18.63,465,96.1,16.3,65,moderate_stress
php_01980,snake_plant,indoor,monsoon,62.6,50.1,1.191,642.3,21.18,976,34.1,13.4,47,high_stress
php_01981,tomato,greenhouse,summer,26.7,82.4,2.359,1069.1,18.79,377,40.1,27.4,27,high_stress
php_01982,basil,indoor,summer,55.7,63.2,2.274,339,20.94,814,59.3,29.6,79,moderate_stress
php_01983,lettuce,greenhouse,winter,61,53.8,1.055,1066.6,19.85,695,48.7,36.4,49,high_stress
php_01984,aloe_vera,arid_garden,winter,65.9,27.3,1.65,815,20.47,470,47.2,33.3,77,moderate_stress
php_01985,mint,indoor,monsoon,42.5,50.6,2.161,479.6,20.22,345,73,28,82,healthy
php_01986,pothos,shade_house,summer,48.9,37.3,2.217,1205.4,20.07,582,50.7,30.3,61,moderate_stress
php_01987,snake_plant,shade_house,monsoon,54.8,76.7,0.998,518.8,20.4,402,74.4,25.8,68,moderate_stress
php_01988,lettuce,greenhouse,autumn,38.2,64.1,0.176,423,18.64,686,47.6,24.2,73,moderate_stress
php_01989,tomato,garden,spring,54.4,89.7,0.625,878.7,20.19,1022,85.5,27,79,moderate_stress
php_01990,basil,garden,spring,64.4,23.9,2.386,1081.1,18.4,770,43.6,37.9,15,high_stress
php_01991,rose,garden,winter,86.2,41.8,0.531,812.9,19.4,159,74.9,36.7,66,moderate_stress
php_01992,snake_plant,indoor,autumn,79.3,77.3,0.131,823.8,19.93,645,60.7,25.3,60,moderate_stress
php_01993,rose,greenhouse,winter,88.2,68.6,1.728,498.6,18.7,57,98.4,21.3,58,moderate_stress
php_01994,pothos,shade_house,monsoon,91,12.3,1.787,503,20.66,136,89.8,32.1,50,high_stress
php_01995,aloe_vera,indoor,spring,46.1,89.8,0.746,847.9,20.73,634,94,21.4,53,high_stress
php_01996,lettuce,hydroponic,summer,27.5,86.5,1.906,684.1,20.25,69,88.7,35.4,37,high_stress
php_01997,mint,greenhouse,spring,83.7,49.6,0.04,846.2,18.26,629,42.7,34.3,53,high_stress
php_01998,rose,garden,monsoon,87.3,51.2,1.693,1198.2,19.46,96,25.1,33.8,28,high_stress
php_01999,rose,garden,spring,73.5,60.3,2.305,699.1,18.75,547,93.5,25.4,69,moderate_stress
php_02000,snake_plant,indoor,summer,59.4,45.2,0.898,982.2,19.35,312,44.8,25.9,76,moderate_stress
